,ï»¿harm,v. cause or do harm to
0,soil,n. the part of the earth's surface consisting of humus and disintegrated rock
1,ecosystem,n. a system formed by the interaction of a community of organisms with their physical environment
2,overseas,r. in a place across an ocean
3,region,"n. the extended spatial location of something
n. a large indefinite location on the surface of the Earth
n. the approximate amount of something (usually used prepositionally as in `in the region of')
n. a knowledge domain that you are interested in or are communicating about"
4,continent,"n. one of the large landmasses of the earth
n. the European mainland
a. having control over urination and defecation"
5,million,"n. the number that is represented as a one followed by 6 zeros
n. a very large indefinite number (usually hyperbole)
s. (in Roman numerals, M written with a macron over it) denoting a quantity consisting of 1,000,000 items or units"
6,length,"n. the linear extent in space from one end to the other; the longest dimension of something that is fixed in place
n. the property of being the extent of something from beginning to end
n. a section of something that is long and narrow"
7,biodiversity,n. the diversity of plant and animal life in a particular habitat (or in the world as a whole)
8,species,"n. (biology) taxonomic group whose members can interbreed
n. a specific kind of something"
9,nut,"n. usually large hard-shelled seed
n. Egyptian goddess of the sky
n. a small (usually square or hexagonal) metal block with internal screw thread to be fitted onto a bolt
v. gather nuts"
10,brazil nut,none
11,lily,n. any liliaceous plant of the genus Lilium having showy pendulous flowers
12,water lily,none
13,variety,"n. (biology) a taxonomic category consisting of members of a species that differ from others of the same species in minor but heritable characteristics
n. a difference that is usually pleasant"
14,wildlife,n. all living things (except people) that are undomesticated
15,beneath,r in or to a place that is lower
16,mass,"n. the property of a body that causes it to have weight in a gravitational field
n. an ill-structured collection of similar things (objects or people)
n. (Roman Catholic Church and Protestant Churches) the celebration of the Eucharist
n. a body of matter without definite shape"
17,towering,"v appear very large or occupy a commanding position
s of imposing height; especially standing out above others"
18,hardwood,n. the wood of broad-leaved dicotyledonous trees (as distinguished from the wood of conifers)
19,living,"n. people who are still living
a. pertaining to living persons
s. true to life; lifelike
s. (informal) absolute"
20,mammal,n. any warm-blooded vertebrate having the skin more or less covered with hair; young are born alive except for the small subclass of monotremes and nourished with milk
21,jaguar,n. a large spotted feline of tropical America similar to the leopard; in some classifications considered a member of the genus Felis
22,survive,"v. continue to live through hardship or adversity
v. continue in existence after (an adversity, etc.)"
23,frog,"n. any of various tailless stout-bodied amphibians with long hind limbs for leaping; semiaquatic and terrestrial species
n. a person of French descent
n. a decorative loop of braid or cord
v. hunt frogs for food"
24,in turn,none
25,insect,n. small air-breathing arthropod
26,microorganism,n. any organism of microscopic size
27,break down,"n. a mental or physical breakdown
n. a cessation of normal operation
n. an analysis into mutually exclusive categories"
28,nutrient,n. any substance (such as a chemical element or inorganic compound) that can be taken in by a green plant and used in organic synthesis
29,breathe life into,none
30,carbon,"n. an abundant nonmetallic tetravalent element occurring in three allotropic forms: amorphous carbon and graphite and diamond; occurs in all organic compounds
n. a copy made with carbon paper"
31,oxygen,n. a nonmetallic bivalent element that is normally a colorless odorless tasteless nonflammable diatomic gas; constitutes 21 percent of the atmosphere by volume; the most abundant element in the earth's crust
32,thus,r. in the way indicated; (`thusly' is a nonstandard variant)
33,disappear,"v. get lost, as without warning or explanation"
34,due to,none
35,agriculture,n. the class of people engaged in growing food
36,cattle,n. domesticated bovine animals as a group regardless of sex or age
37,impact,"n. the striking of one body against another
n. a forceful consequence; a strong effect
v. press or wedge together; pack together"
38,extinction,"n. no longer active; extinguished
n. no longer in existence
n. the reduction of the intensity of radiation as a consequence of absorption and radiation"
39,damage,"n. the occurrence of a change for the worse
n. loss of military equipment
n. the act of damaging something or someone
v. inflict damage upon"
40,climate,"n. the weather in some location averaged over some long period of time
n. the prevailing psychological state"
41,build up,"n. the act of building up an accumulation
n. the result of the process of accumulation
n. highly favorable publicity and praise"
42,global,s. involving the entire earth; not limited or provincial in scope
43,greenhouse,"n. a building with glass walls and roof; for the cultivation and exhibition of plants under controlled conditions
a. of or relating to or caused by the greenhouse effect"
44,gas,"n. the state of matter distinguished from the solid and liquid states by: relatively low density and viscosity; relatively great expansion and contraction with changes in pressure and temperature; the ability to diffuse readily; and the spontaneous tendency to become distributed uniformly throughout any container
n. a fluid in the gaseous state having neither independent shape nor volume and being able to expand indefinitely
v. attack with gas; subject to gas fumes"
45,drought,"n. a shortage of rainfall
n. a prolonged shortage"
46,come up with,none
47,call for,none
48,application,"n. the act of bringing something to bear; using it for a particular purpose
n. a verbal or written request for assistance or employment or admission to a school
n. the work of applying something; 
n. a program that gives a computer instructions that provide the user with tools to accomplish a task"
49,brochure,n a small book usually having a paper cover
50,organization,"n. a group of people who work together
n. the act of organizing a business or an activity related to a business
n. an ordered manner; orderliness by virtue of being methodical and well organized
n. the activity or result of distributing or disposing persons or things properly or methodically"
51,absolutely,"r. completely and without qualification; used informally as intensifiers
r. totally and definitely; without question"
52,belt,"n. endless loop of flexible material between two rotating shafts or pulleys
n. a band to tie or buckle around the body (usually at the waist)
n. an elongated region where a specific condition or characteristic is found
n. ammunition (usually of small caliber) loaded in flexible linked strips for use in a machine gun"
53,medal,n an award for winning a championship or commemorating some other event
54,image,"n. an iconic mental representation
n. (mathematics) the set of values of the dependent variable for which a function is defined
n. the general impression that something (a person or organization or product) presents to the public
v. render visible, as by means of MRI"
55,shark,"n. any of numerous elongate mostly marine carnivorous fishes with heterocercal caudal fins and tough skin covered with small toothlike scales
n. a person who is ruthless and greedy and dishonest
n. a person who is unusually skilled in certain ways
v. play the shark; act with trickery"
56,spring to mind,none
57,whale,"n. any of the larger cetacean mammals having a streamlined body and breathing through a blowhole on the head
v. hunt for whales"
58,deer,n. distinguished from Bovidae by the male's having solid deciduous antlers
59,track,"n. a pair of parallel rails providing a runway for wheels
n. an endless metal belt on which tracked vehicles move over the ground
n. (computer science) one of the circular magnetic paths on a magnetic disk that serve as a guide for writing and reading data
n. a groove on a phonograph recording"
60,habitat,n. the type of environment in which an organism or group normally lives or occurs
61,nowhere,"n. an insignificant place
r. not anywhere; in or at or to no place"
62,dolphin,n. any of various small toothed whales with a beaklike snout; larger than porpoises
63,resident,"n. someone who lives at a particular place for a prolonged period or who was born there
a. living in a particular place"
64,chief,s. most important element
65,committee,"n. a special group delegated to consider some matter
n. a self-constituted organization to promote something"
66,entirely,r. without any others being included or involved
67,smog,n. air pollution by a mixture of smoke and fog
68,get rid of,none
69,protest,"n. a formal and solemn declaration of objection
n. the act of protesting; a public (often organized) manifestation of dissent
n. the act of making a strong public expression of disagreement and disapproval
v. utter words of protest"
70,profit,"n. the advantageous quality of being beneficial
v. derive a benefit from
v. make a profit; gain money or materially"
71,defence,"n (psychiatry) an unconscious process that tries to reduce the anxiety associated with instinctive desires
n (sports) the team that is trying to prevent the other team from scoring
n the defendant and his legal advisors collectively
n an organization of defenders that provides resistance against attack
n the speech act of answering an attack on your assertions
n the justification for some act or belief
n a structure used to defend against attack
n a defendant's answer or plea denying the truth of the charges against him
n (military) military action or resources protecting a country against potential enemies
n protection from harm
n the act of defending someone or something against attack or injury"
72,defense,"n. (military) military action or resources protecting a country against potential enemies
n. protection from harm
n. (sports) the team that is trying to prevent the other team from scoring"
73,various,"s of many different kinds purposefully arranged but lacking any uniformity
s considered individually
s distinctly dissimilar or unlike
s having great diversity or variety"
74,process,"n. (psychology) the performance of some composite cognitive activity; an operation that affects mental contents
n. a mental process that you are not directly aware of
n. a natural prolongation or projection from a part of an organism either animal or plant
n. a sustained phenomenon or one marked by gradual changes through a series of states"
75,economic,"a. of or relating to an economy, the system of production and management of material wealth
a. of or relating to the science of economics
s. using the minimum of time or resources necessary for effectiveness
s. concerned with worldly necessities of life (especially money)"
76,policy,"n. a plan of action adopted by an individual or social group
n. a line of argument rationalizing the course of action of a government
n. written contract or certificate of insurance"
77,branch,"n. a division of some larger or more complex organization
n. a division of a stem, or secondary stem arising from the main stem of a plant
n. a part of a forked or branching shape
n. a stream or river connected to a larger one"
78,strategy,n. the branch of military science dealing with military command and the planning and conduct of a war
79,recycle,"v. cause to repeat a cycle
v. use again after processing"
80,subway,"n an electric railway operating below the surface of the ground (usually in a city)
n an underground tunnel or passage enabling pedestrians to cross a road or railway"
81,former,"n. the first of two or the first mentioned of two
a. referring to the first of two things or persons mentioned (or the earlier one or ones of several); I prefer the former version to the latter one""
s. (used especially of persons) of the immediate past"
82,official,"n. a worker who holds or is invested with an office
n. someone who administers the rules of a game or sport
a. having official authority or sanction
a. of or relating to an office"
83,poverty,n. the state of having little or no money and few or no material possessions
84,poison,"n. any substance that causes injury or illness or death of a living organism
n. anything that harms or destroys
v. spoil as if by poison
v. kill with poison"
85,chemical,"n. material produced by or used in a reaction involving changes in atoms or molecules
a. relating to or used in chemistry
a. of or made from or using substances produced by or used in reactions involving atomic or molecular changes"
86,consequence,"n. a phenomenon that follows and is caused by some previous phenomenon
n. the outcome of an event especially as relative to an individual
n. having important effects or influence"
87,give rise to,none
88,further,"s. more distant in especially degree
r. to or at a greater extent or degree or a more advanced stage (`further' is used more often than `farther' in this abstract sense)
r. in addition or furthermore; further, they should be here already"""
89,county,"n. (United Kingdom) a region created by territorial division for the purpose of local government
n. (United States) the largest administrative district within a state"
90,injure,v. cause injuries or bodily harm to
91,disaster,n. an act that has disastrous consequences
92,at large,none
93,reaction,"n. an idea evoked by some experience
n. a bodily process occurring due to the effect of some antecedent stimulus or agent
n. (mechanics) the equal and opposite force that is produced when any force is applied to a body
n. a response that reveals a person's feelings or attitude"
94,crash,"n. a serious accident (usually involving one or more vehicles)
n. a sudden large decline of business or the prices of stocks (especially one that causes additional failures)
n. the act of colliding with something
n. (computer science) an event that causes a computer system to become inoperative"
95,signal,"n. any nonverbal action or gesture that encodes a message
n. any incitement to action
n. an electric quantity (voltage or current or field strength) whose modulation represents coded information about the source from which it comes
s. notably out of the ordinary"
96,exit,"n. an opening that permits escape or release
n. the act of going out
v. move out of or depart from
v. lose the lead"
97,orderly,"n. a soldier who serves as an attendant to a superior officer
n. a male hospital attendant who has general duties that do not involve the medical treatment of patients
a. devoid of violence or disruption"
98,stair,n support consisting of a place to rest the foot while ascending or descending a stairway
99,roll,"n. a list of names
n. photographic film rolled up inside a container to protect it from light
n. anything rolled up in cylindrical form
n. walking with a swaying gait"
100,roll call,none
101,confirm,"v. establish or strengthen as with new evidence or facts
v. strengthen or make more firm
v. make more firm
v. support a person for a position"
102,safe and sound,none
103,hug,"n. a tight or amorous embrace
v. fit closely or tightly"
104,procedure,"n. a particular course of action intended to achieve a result
n. a mode of conducting legal and parliamentary proceedings"
105,tsunami,n. a cataclysm resulting from a destructive sea wave caused by an earthquake or volcanic eruption
106,odd,"a. not divisible by two
s. not easily explained
s. an indefinite quantity more than that specified
s. of the remaining member of a pair, of socks e.g."
107,bubble,"n. a hollow globule of gas (e.g., air or carbon dioxide)
n. an impracticable and illusory idea
n. a dome-shaped covering made of transparent glass or plastic
v. form, produce, or emit bubbles"
108,occur,"v. come to one's mind; suggest itself
v. to be found to exist"
109,occur to,none
110,keep one's head,none
111,relief,"n. the feeling that comes when something burdensome is removed or reduced
n. the condition of being comfortable or relieved (especially after being relieved of distress)
n. (law) redress awarded by a court
n. assistance in time of difficulty"
112,typhoon,n. a tropical cyclone occurring in the western Pacific or Indian oceans
113,destructive,a. causing destruction or much damage
114,pole,"n. a long (usually round) rod of wood or metal or plastic
n. a native or inhabitant of Poland
n. one of two divergent or mutually exclusive opinions
n. one of two points of intersection of the Earth's axis and the celestial sphere"
115,inform,"v. impart knowledge of some fact, state or affairs, or event to
v. give character or essence to
v. act as an informer"
116,hurricane,n. a severe tropical cyclone usually with heavy rains and winds moving a 73-136 knots (12 on the Beaufort scale)
117,conference,"n. a prearranged meeting for consultation or exchange of information or discussion (especially one with a formal agenda)
n. a discussion among participants who have an agreed (serious) topic"
118,shock,"n. the violent interaction of individuals or groups entering into combat
n. (pathology) bodily collapse or near collapse caused by inadequate oxygen delivery to the cells; characterized by reduced cardiac output and rapid heartbeat and circulatory insufficiency and pallor
n. an instance of agitation of the earth's crust
n. an unpleasant or disappointing surprise"
119,scare,n. a sudden attack of fear
120,power,"n. possession of controlling influence
n. (physics) the rate of doing work; measured in watts (= joules/second)
n. one possessing or exercising power or influence or authority
v. supply the force or power for the functioning of"
121,run out of,none
122,supply,"n. an amount of something available for use
n. offering goods and services for sale
v. give something useful or necessary to"
123,donate,v. give to a charity or good cause
124,charity,"n. a foundation created to promote the public good (not for assistance to any particular individuals)
n. a kindly and lenient attitude toward people
n. an activity or gift that benefits the public at large
n. an institution set up to provide help to the needy"
125,staff,"n. personnel who assist their superior in carrying out an assigned task
n. a strong rod or stick with a specialized utilitarian purpose
n. the body of teachers and administrators at a school
n. building material consisting of plaster and hair; used to cover external surfaces of temporary structure (as at an exposition) or for decoration"
126,slide,"n. a small flat rectangular piece of glass on which specimens can be mounted for microscopic study
n. (geology) the descent of a large mass of earth or rocks or snow etc.
n. plaything consisting of a sloping chute down which children can slide
n. the act of moving smoothly along a surface while remaining in contact with it"
127,fund,"n. a reserve of money set aside for some purpose
v. convert (short-term floating debt) into long-term debt that bears fixed interest and is represented by bonds
v. place or store up in a fund for accumulation
v. provide a fund for the redemption of principal or payment of interest"
128,flood,"n. the rising of a body of water and its overflowing onto normally dry land
n. an overwhelming number or amount
n. light that is a source of artificial illumination having a broad beam; used in photography
n. a large flow"
129,downstairs,"a. on or of lower floors of a building
r. on a floor below"
130,document,"n. writing that provides information (especially information of an official nature)
n. anything serving as a representation of a person's thinking by means of symbolic marks
n. a written account of ownership or obligation
v. record in detail"
131,honey,"n. a sweet yellow liquid produced by bees
v. sweeten with honey
s. of something having the color of honey"
132,otherwise,"s. other than as supposed or expected
r. in other respects or ways"
133,curious,"s. beyond or deviating from the usual or expected
a. eager to investigate and learn or learn more (sometimes about others' concerns)
s. having curiosity aroused; eagerly interested in learning more"
134,Roman,"n. a resident of modern Rome
n. an inhabitant of the ancient Roman Empire
n. a typeface used in ancient Roman inscriptions"
135,erupt,"v. start abruptly
v. erupt or intensify suddenly
v. start to burn or burst into flames
v. break out"
136,unearth,v. bring to light
137,destination,n. the ultimate goal for which something is done
138,bar,"n. a counter where you can obtain food or drink
n. a rigid piece of metal or wood; usually used as a fastening or obstruction or weapon
n. an obstruction (usually metal) placed at the top of a goal
n. (meteorology) a unit of pressure equal to a million dynes per square centimeter"
139,import,"n. commodities (goods or services) bought from a foreign country
n. an imported person brought from a foreign country
v. bring in from abroad
v. transfer (electronic data) into a database or document"
140,export,"n. commodities (goods or services) sold to a foreign country
v. sell or transfer abroad
v. transfer (electronic data) out of a database or document in a format that can be used by other programs
v. cause to spread in another part of the world"
141,port,"n. a place (seaport or airport) where people and merchandise can enter or leave a country
n. sweet dark-red dessert wine originally from Portugal
n. an opening (in a wall or ship or armored vehicle) for firing through
v. put or turn on the left side, of a ship"
142,cloud-capped,"a. Having clouds resting on the top or head; reaching to
   the clouds; as, cloud-capped mountains."
143,ashy,s of a light grey
144,dawn,"n. the first light of day
n. the earliest period
n. an opening time period
v. appear or develop"
145,volcano,n. a mountain formed by volcanic material
146,take the form of,none
147,trunk,"n. the main stem of a tree; usually covered with bark; the bole is usually the part that is commercially useful for lumber
n. luggage consisting of a large strong case used when traveling or for storage"
148,unbearable,a incapable of being put up with
149,break out,n an escape from jail
150,beyond,"r. farther along in space or time or degree
r. on the farther side from the observer
r. in addition"
151,distance,"n. the property created by the space between two objects or points
n. a distant region
n. size of the gap between two places
n. indifference by personal withdrawal"
152,far and wide,none
153,pattern,"n. a model considered worthy of imitation
v. form a pattern"
154,column,"n. a line of units following one after another
n. a vertical glass tube used in column chromatography; a mixture is poured in the top and washed through a stationary substance where components of the mixture are adsorbed selectively to form colored bands
n. a vertical array of numbers or other information
n. anything that approximates the shape of a column or tower"
155,rescue,"n. recovery or preservation from loss or danger
v. free from harm or evil
v. take forcibly from legal custody"
156,sharp,"n. a musical notation indicating one half step higher than the note named
n. a long thin sewing needle with a sharp point
s. harsh
a. keenly and painfully felt; as if caused by a sharp edge or point"
157,locate,"v. discover the location of; determine the place of; find by searching or examining
v. assign a location to"
158,retire,"v. go into retirement; stop performing one's work or withdraw from one's position
v. withdraw from active participation
v. withdraw from circulation or from the market, as of bills, shares, and bonds
v. make (someone) retire"
159,webcam,n. a digital camera designed to take digital photographs and transmit them over the internet
160,pot,"n. metal or earthenware cooking vessel that is usually round and deep; often has a handle and lid
n. the quantity contained in a pot
n. a container in which plants are cultivated
n. the cumulative amount involved in a game (such as poker)"
161,emoji,none
162,comic,a. of or relating to or characteristic of comedy
163,take off,"n. a departure; especially of airplanes
n. the initial ascent of an airplane as it becomes airborne"
164,frontier,"n. a wilderness at the edge of a settled area of a country
n. an international boundary or the area (often fortified) immediately inside the boundary
n. an undeveloped field of study; a topic inviting research and development"
165,billion,"n. the number that is represented as a one followed by 12 zeros; in the United Kingdom the usage followed in the United States is frequently seen
n. the number that is represented as a one followed by 9 zeros
s. denoting a quantity consisting of one thousand million items or units in the United States
s. denoting a quantity consisting of one million million items or units in Great Britain"
166,obviously,r. unmistakably (`plain' is often used informally for `plainly')
167,access,"n. the right to obtain or make use of or take advantage of something (as services or membership)
n. a way of entering or leaving
n. a code (a series of characters or digits) that must be entered in some way (typed or dialed or spoken) to get the use of something (a telephone line or a computer or a local area network etc.)
n. (computer science) the operation of reading or writing stored information"
168,extent,"n. the point or degree to which something extends
n. the distance or area or volume over which something extends"
169,to a certain extent,none
170,at one's fingertips,none
171,click,"n. depression of a button on a computer mouse
v. make a clicking or ticking sound
v. produce a click
v. become clear or enter one's consciousness or emotions"
172,button,"n. a round fastener sewn to shirts and coats etc to fit through buttonholes
n. any of various plant parts that resemble buttons
n. a round flat badge displaying information and suitable for pinning onto a garment
n. any artifact that resembles a button"
173,recipe,n. directions for making something
174,military,"n. the military forces of a nation
a. of or relating to the study of the principles of warfare
a. characteristic of or associated with soldiers or the military
a. associated with or performed by members of the armed services as contrasted with civilians"
175,affair,"n. a usually secretive or illicit sexual relationship
n. a vaguely specified social event"
176,bring up,none
177,majority,"n. the property resulting from being or relating to the greater in number of two parts; the main part
n. (elections) more than half of the votes
n. the age at which persons are considered competent to manage their own affairs"
178,goods,"n benefit
n moral excellence or admirableness
n that which is pleasing or valuable or useful
n articles of commerce"
179,commerce,"n. transactions (sales and purchases) having the objective of supplying commodities (goods and services)
n. social exchange, especially of opinions, attitudes, etc."
180,deliver,"v. deliver (a speech, oration, or idea)
v. bring to a destination, make a delivery
v. utter (an exclamation, noise, etc.)
v. save from sins"
181,site,"n. the piece of land on which something is located (or is to be located)
n. physical position in relation to the surroundings"
182,boot,"n. footwear that covers the whole foot and lower leg
n. British term for the luggage compartment in a car
n. protective casing for something that resembles a leg
n. an instrument of torture that is used to heat or crush the foot and leg"
183,arrangement,"n. an orderly grouping (of things or persons) considered as a unit; the result of arranging
n. an organized structure for arranging or classifying
n. the act of arranging and adapting a piece of music"
184,cash,"n. money in the form of bills or coins
n. prompt payment for goods or services in currency or by check
n. United States country music singer and songwriter (1932-2003)
v. exchange for cash"
185,above all else,none
186,establish,"v. set up or found
v. set up or lay the groundwork for
v. bring about
v. use as a basis for; found on"
187,software,n. (computer science) written programs or procedures or rules and associated documentation pertaining to the operation of a computer system and that are stored in read/write memory
188,instant,s. in or of the present month
189,comment,"n. a written explanation or criticism or illustration that is added to a book or other textual material
v. make or write a comment on
v. explain or interpret something"
190,aware,a. (sometimes followed by `of') having or showing knowledge or understanding or realization or perception
191,surf,"n. waves breaking on the shore
v. switch channels, on television"
192,guideline,n. a light line that is used in lettering to help align the letters
193,remove,"n. degree of figurative distance or separation; 
v. remove something concrete, as by lifting, pushing, or taking off, or remove something abstract
v. remove from a position or an office
v. shift the position or location of, as for business, legal, educational, or military purposes"
194,file,"n. a set of related records (either written or electronic) kept together
n. a line of persons or things ranged one behind the other
n. office furniture consisting of a container for keeping papers in order
n. a steel hand tool with small sharp teeth on some or all of its surfaces; used for smoothing wood or metal"
195,belong,"v. be owned by; be in the possession of
v. be suitable or acceptable
v. be in the right place or situation
v. be rightly classified in a class or category"
196,belong to,none
197,ballet,"n. a theatrical representation of a story that is performed to music by trained dancers
n. music written for a ballet"
198,set up,n. the way something is organized or arranged
199,request,"n. a formal message requesting something that is submitted to an authority
n. the verbal act of requesting
v. express the need or desire for; ask for
v. ask (a person) to do something"
200,technical,"n. a pickup truck with a gun mounted on it
a. of or relating to technique or proficiency in a practical skill
a. characterizing or showing skill in or specialized knowledge of applied arts and sciences
a. of or relating to a practical subject that is organized according to scientific principles"
201,upload,v. transfer a file or program to a central computer from a smaller computer or a computer at a remote location
202,download,v. transfer a file or program from a central computer to a smaller computer or to a computer at a remote location
203,percentage,n. a proportion in relation to a whole (which is usually the amount per hundred)
204,entertainment,n. an activity that is diverting and that holds the attention
205,mobile,"n. a river in southwestern Alabama; flows into Mobile Bay
n. a port in southwestern Alabama on Mobile Bay
n. sculpture suspended in midair whose delicately balanced parts can be set in motion by air currents
s. migratory"
206,device,"n. an instrumentality invented for a particular purpose
n. something in an artistic work designed to achieve a particular effect
n. any clever maneuver
n. any ornamental pattern or design (as in embroidery)"
207,addict,"n. someone who is so ardently devoted to something that it resembles an addiction
n. someone who is physiologically dependent on a substance; abrupt deprivation of the substance produces withdrawal symptoms
v. to cause (someone or oneself) to become dependent (on something, especially a narcotic drug)"
208,be glued to sth.,none
209,Wi-Fi,n a local area network that uses high frequency radio signals to transmit and receive data over distances of a few hundred feet; uses ethernet protocol
210,battery,"n. group of guns or missile launchers operated together at one place
n. a device that produces electricity; may have several primary or secondary cells arranged in parallel or series
n. a collection of related things intended for use together
n. a unit composed of the pitcher and catcher"
211,quit,"v put an end to a state or an activity
v give up or retire from a position
v go away or leave
v turn away from; give up
v give up in the face of defeat of lacking hope; admit defeat"
212,shoot past,none
213,knock sb. off one's feet,none
214,scary,s provoking fear terror
215,somehow,"r. in some unspecified way or manner; or by some unspecified means
r. for some unspecified reason;"
216,be lost in,none
217,journal,"n. a periodical dedicated to a particular subject
n. a record book as a physical object
n. the part of the axle contained by a bearing"
218,reveal,v. disclose directly or through prophets
219,appreciate,"v. recognize with gratitude; be grateful for
v. be fully aware of; realize fully
v. gain in value
v. increase the value of"
220,wide-ranging,"s including much
s widely different"
221,opera,"n. a drama set to music; consists of singing with orchestral accompaniment and an orchestral overture and interludes
n. a commercial browser
n. a building where musical dramas are performed"
222,badminton,n. a game played on a court with light long-handled rackets used to volley a shuttlecock over a net
223,cut back on,none
224,republic,n. a form of government whose head of state is not a monarch
225,malaria,n. an infective disease caused by sporozoan parasites that are transmitted through the bite of an infected Anopheles mosquito; marked by paroxysms of chills and fever
226,deadly,"s. causing or capable of causing death
s. of an instrument of certain death
s. extremely poisonous or injurious; producing venom
s. involving loss of divine grace or spiritual death"
227,survival,"n. a state of surviving; remaining alive
n. a natural process resulting in the evolution of organisms best adapted to the environment
n. something that survives"
228,province,n. the proper sphere or extent of your activities
229,broad,"n. slang term for a woman
s. not detailed or specific
s. lacking subtlety; obvious
s. being at a peak or culminating point"
230,intend,"v. have in mind as a purpose
v. design or destine"
231,extract,"v. remove, usually with some force or effort; also used in an abstract sense
v. get despite difficulties or obstacles
v. separate (a metal) from an ore
v. calculate the root of a number"
232,herb,"n. a plant lacking a permanent woody stem; many are flowering garden plants or potherbs; some having medicinal properties; some are pests
n. aromatic potherb used in cookery for its savory qualities"
233,refer,"v. be relevant to
v. think of, regard, or classify under a subsuming principle or with a general group or in relation to another
v. send or direct for treatment, information, or a decision
v. use a name to designate"
234,experiment,"n. the act of conducting a controlled test or investigation
n. the testing of an idea
n. a venture at something new or different
v. to conduct a test or investigation"
235,trial,"n. trying something to find out about it
n. (law) the determination of a person's innocence or guilt by due process of law
n. (sports) a preliminary competition to determine qualifications
n. an annoying or frustrating or catastrophic event"
236,limited,"a. small in range or scope
s. including only a part
s. mediocre
s. not excessive"
237,household,n a social unit living together
238,container,n. any object that can be used to hold things (especially a large metal boxlike object of standardized dimensions that can be loaded from one form of transport to another)
239,postpone,v. hold back to a later time
240,sufficient,a. of a quantity that can fulfill a need or requirement but without being abundant
241,data,n. a collection of facts from which conclusions may be drawn
242,speed up,n the act of accelerating; increasing the speed
243,pay off,n. the final payment of a debt
244,error,"n. a misconception resulting from incorrect information
n. (baseball) a failure of a defensive player to make an out when normal play would have sufficed
n. departure from what is ethically acceptable
n. (computer science) the occurrence of an incorrect result produced by a computer"
245,through trial and error,none
246,wisdom,"n. accumulated knowledge or erudition or enlightenment
n. the trait of utilizing knowledge and experience with common sense and insight
n. ability to apply knowledge or experience or understanding or common sense and insight
n. the quality of being prudent and sensible"
247,beneficial,s. promoting or enhancing well-being
248,conduct,"v. direct the course of; manage or control
v. lead, as in the performance of a composition; Barenboim conducted the Chicago symphony for years""
v. lead musicians in the performance of"
249,illustrate,"v. depict with an illustration
v. supply with illustrations"
250,penicillin,n. any of various antibiotics obtained from Penicillium molds (or produced synthetically) and used in the treatment of various infections and diseases
251,mould,"n loose soil rich in organic matter
n the distinctive form in which a thing is made
n the process of becoming mildewed
n a fungus that produces a superficial growth on various kinds of damp or decaying organic matter
n a dish or dessert that is formed in or on a mold
n a distinctive nature, character, or type
n sculpture produced by molding
n container into which liquid is poured to create a given shape when it hardens
v form in clay, wax, etc
v form by pouring (e.g., wax or hot metal) into a cast or mold
v make something, usually for a specific function"
252,bacteria,n. (microbiology) single-celled or noncellular spherical or spiral or rod-shaped organisms lacking chlorophyll that reproduce by fission; important as pathogens and for biochemical properties; taxonomy is difficult; often considered to be plants
253,surround,v. extend on all sides of simultaneously; encircle
254,indicate,"v. indicate a place, direction, person, or thing; either spatially or figuratively
v. to state or express briefly
v. suggest the necessity of an intervention; in medicine"
255,accident,"n. an unfortunate mishap; especially one causing damage or injury
n. anything that happens suddenly or by chance without an apparent cause"
256,by accident,none
257,intelligent,"a. having the capacity for thought and reason especially to a high degree
s. possessing sound knowledge
s. endowed with the capacity to reason"
258,favour,"n a feeling of favorable regard
n an inclination to approve
n an advantage to the benefit of someone or something
n souvenir consisting of a small gift given to a guest at a party
n an act of gracious kindness
v treat gently or carefully
v bestow a privilege upon
v promote over another
v consider as the favorite"
259,favor,"n. an act of gracious kindness
n. an advantage to the benefit of someone or something
n. an inclination to approve"
260,politician,"n. a leader engaged in civil administration
n. a person active in party politics
n. a schemer who tries to gain advantage in an organization in sly or underhanded ways"
261,lightning,"n. abrupt electric discharge from cloud to cloud or from cloud to earth accompanied by the emission of light
n. the flash of light that accompanies an electric discharge in the atmosphere (or something resembling such a flash); can scintillate for a second or more"
262,electricity,"n. a physical phenomenon associated with stationary or moving electrons and protons
n. energy made available by the flow of electric charge through a conductor
n. keen and shared excitement"
263,theory,"n. a well-substantiated explanation of some aspect of the natural world; an organized system of accepted knowledge that applies in a variety of circumstances to explain a specific set of phenomena
n. a belief that can guide behavior"
264,thunderstorm,n. a storm resulting from strong rising air currents; heavy rain or hail along with thunder and lightning
265,ribbon,"n. any long object resembling a thin line
n. a long strip of inked material for making characters on paper with a typewriter
n. notion consisting of a narrow strip of fine material used for trimming"
266,metal,v. cover with metal
267,charge,"n. an impetuous rush toward someone or something
n. (criminal law) a pleading describing some wrong or offense
n. the price charged for some article or service
n. the quantity of unbalanced electricity in a body (either positive or negative) and construed as an excess or deficiency of electrons"
268,electric,"n. a car that is powered by electricity
a. using or providing or producing or transmitting or operated by electricity
s. (of a situation) exceptionally tense
s. affected by emotion as if by electricity; thrilling"
269,bang,"n. a sudden very loud noise
n. a border of hair that is cut short and hangs across the forehead
n. the swift release of a store of affective force
v. to produce a sharp often metallic explosive or percussive sound"
270,with a bang,none
271,standout,none
272,atomic,"a. of or relating to or comprising atoms
s. immeasurably small"
273,bomb,n. an explosive device fused to explode under specific conditions
274,evil,"n. morally objectionable behavior
n. that which causes harm or destruction or misfortune; the good is oft interred with their bones""- Shakespeare
n. the quality of being morally wrong in principle or practice
a. morally bad or wrong"
275,involve,"v. connect closely and often incriminatingly
v. engage as a participant
v. contain as a part
v. occupy or engage the interest of"
276,scientific,"a. of or relating to the practice of science
a. conforming with the principles or methods used in science"
277,credit,"n. money available for a client to borrow
n. an accounting entry acknowledging income or capital items
n. used in the phrase `to your credit' in order to indicate an achievement deserving praise; 
n. arrangement for deferred payment for goods and services"
278,moral,"n. the significance of a story or event
a. concerned with principles of right and wrong or conforming to standards of behavior and character based on those principles
s. psychological rather than physical or tangible in effect"
279,apply,"v. be pertinent or relevant or applicable
v. ask (for something)
v. refer (a word or name) to a person or thing
v. apply oneself to"
280,negate,v. prove negative; show to be false
281,intellectual,"n. a person who uses the mind creatively
s. of or associated with or requiring the use of the mind
a. appealing to or using the intellect"
282,mystery,"n. something that baffles understanding and cannot be explained
n. a story about a crime (usually murder) presented as a novel or play or movie"
283,let sb. down,n a feeling of dissatisfaction that results when your expectations are not realized
284,ignorance,n. the lack of knowledge or education
285,as to,none
286,take it for granted,none
287,freedom,n. the condition of being free; the power to act or speak or think without externally imposed restraints
288,authority,"n. the power or right to give orders or make decisions
n. (usually plural) persons who exercise (administrative) control over others
n. an expert whose views are taken as definitive
n. official permission or approval"
289,permit,"n. large game fish; found in waters of the West Indies
v. consent to, give permission"
290,responsibility,n. a form of trustworthiness; the trait of being answerable to someone for something or being responsible for one's conduct
291,declare,"v. state emphatically and authoritatively
v. state firmly
v. declare to be
v. authorize payments of"
292,nationality,"n. people having common origins or traditions and often comprising a nation
n. the status of belonging to a particular nation by birth or naturalization"
293,put forward,none
294,evolution,n. (biology) the sequence of events involved in the evolutionary development of a species or taxonomic group of organisms
295,publish,"v. prepare and issue for public distribution or sale
v. have (one's written work) issued for publication"
296,marriage,"n. the state of being a married couple voluntarily joined for life (or until divorce)
n. two people who are married to each other
n. the act of marrying; the nuptial ceremony
n. a close and intimate union"
