,post_id,title
0,5u76x4,Tight body on UFC girl
1,5w9zox,My favorite school outfit... on/off!
2,6156i9,Just A {Little} Less
3,5s785w,IT Support Girl
4,68f3f1,Party Girl
5,2su0ar,The champion
6,7aiwiv,Iâ€™m currently top of this sub as someone posted some of my old photosâ€¦ how about some new ones instead? ğŸ™‚
7,67in4t,after work ~
8,c4m6lq,[OC] First post here! â˜ºï¸
9,aialzn,This is one of my favorite outfits [OC]
10,athayh,First on/off ever!
11,5yesxf,Marry Queen is really hot
12,7rhgeg,good afternoon guys!) [oc]
13,5vb9je,Freckles and a smile
14,57g3cc,Post run on/off
15,4rnsy3,Muslim boobs
16,5shksy,Decided To Give It A {Little} Try
17,b3h22f,[OC] Just another PTA mom (f)
18,5hdm9t,Rear view
19,6dn8fn,Pierced
20,8gdkyc,Never did one of these before but this outfit is just too cute
21,68lfgw,Beautiful girl in her room
22,6f6wyf,Yoga girl
23,a9zf7y,Bridesmaid
24,5rtslz,Cassidy Cole has a tight body
25,5jcpof,cute brunette on/off
26,5rerqh,I wonder what's under tha... oh
27,6fhad6,just like that
28,60qwm2,Jaw Dropper
29,4tavqn,Sexy Black Bikini
30,7n1h6r,Wanna Nuka Cola? ğŸ˜„
31,6gfjyz,lovely smile
32,bxc37q,"To the three guys who were mentally undressing me at the gym tonight, I hope this lives up to your imagination [F]"
33,5te0gp,Feeling the blues
34,daz7cu,Everything off except the thigh highs and a choker
35,6cf8es,Side view changing room
36,6em6gv,Nice rack
37,bvg3to,Curvy and cute
38,5vlnd4,Big Red
39,84g7i1,"[OC] Don't mind me, just getting naked here ğŸŒŒ"
40,5g9gnf,Naked up against the glass
41,av5fzc,[OC] On â€”> sneak peak â€”> off ğŸ˜˜
42,8wsv9b,Sophie Rose using the same shirt for her jerk off photoshoot that she used for television
43,5tsphn,Blonde Babe Getting Ready for Bed
44,4uwtl4,Big Knockers
45,44lxm4,Pretty Different Approach
46,6crsi6,Love girls in tanks
47,azj0hq,Classy On/Off
48,4ki335,Stripping out
49,d91sk0,Do we like Asian girl on/offs here? [oc]
50,65v0am,Sweet Smile
51,7itu72,Any love for Indian girls here?
52,8ujk9q,A bit tame for this sub but God she is cute
53,8ci4ol,Surprise! Her bikini came off.
54,55ckt5,The champion
55,497dk1,Party Girl
56,71e49m,She is so happy :)
57,767wu1,"My First OnOff , How'd I do?"
58,8lkz51,on/off
59,64wzc4,Jeepers that's good cosplay
60,c8fv97,"First time here, how do you like my version of on/off? ğŸ˜Š (OC)"
61,aypc1z,Gorgeous
62,9j3w46,Top and topless
63,7kwdhu,Night out outfit in my favorite jeans ğŸ’– [OC]
64,cjfs14,Do you want to see what I hide under my innocent dress? [F21]
65,ce5gir,[F18] Bought this cute bra a few days ago! ğŸ’•
66,5dfmp6,Great proportions
67,51t3fp,Sexy college girl
68,d9mqqr,Great body
69,9we5ll,Taking off my jammies ğŸ˜˜
70,6d7e0w,Beautiful Smile!
71,dsyhd3,Persian
72,6af3l8,Going out dangerously underdressed
73,5f57b7,Freckles and boobs
74,dualox,Hope my date appreciates the easy access.
75,5hk0bl,Fresh out of the shower
76,5ckjxg,Angles
77,90wq50,Should I bring that swimsuit to my beach trip?
78,5v5l5y,Bigger than I thought
79,5um3l1,Dark haired hottie
80,6dwgwy,"Teeny, tiny, and twenty with a nice ass"
81,8qb2ps,was told you all would like my first attempt! [oc]
82,77puib,Opposite angle per request of all of you! Thank youğŸ˜˜
83,abj7d5,An on/off to start the day ğŸŒ
84,btr6uj,Always take a selfie
85,axlsx1,A nude as promised
86,brf72o,"My first post on this sub, what do you think?"
87,56roz7,Front & Back
88,c1qd4l,God I love the dress and the removal too
89,5ihdnz,Willow Hayes and Friend
90,asublr,[OC] ğŸ€ On Wednesdays we wear pink ğŸ€ 34(f)
91,bkge7p,i wonder if any of my classmates imagine what i look like under my dresses
92,7yn0fe,(f/19) Take a look at these Asian buns ğŸ‘
93,6v2jlp,She just got home
94,4kniah,Pop out
95,4jg5ib,Beautiful Naturals
96,9lw0xs,Do y'all want pics instead? [OC] Strip show
97,5j03lp,Cute Readhead
98,a9slu0,amazing on/off
99,8dtjk1,Matching ğŸ’ (f)
100,5emfl4,What is it with the choker necklaces?
101,7sqpif,Super cute with a great figure
102,dtqe8k,On/off yoga edition
103,5a2hr9,Long legged blonde
104,avsxq2,Typical bathroom selfies
105,8hnd6p,Better than i imagined
106,bt6ptb,Yellow dress
107,an47bb,under my calvins â­ï¸
108,8ir5m6,My first on/off to celebrate the end of (f)inals!
109,a0i3gh,Always A Bride's Maid
110,4r7o2l,Nice view
111,8w3rre,Double on/off
112,492185,Pale and Cute!
113,amp10i,On/Off Busty College Babe
114,dd5wnd,My winter body is ready! ;) [oc]
115,5barza,Business and pleasure
116,607hi7,Super Cute
117,4ps8tz,Hair and titties
118,42g4f5,Found on /r/girlsoncovered Stunning!
119,7tk9ro,"dress on, then dress off. enjoy) [oc]"
120,cg7fk7,[F18] Iâ€™m a bit of a gamer girl ğŸ¤“ğŸ™ˆ
121,86k5wj,Small brunette on/off
122,bceqvi,Busty student on/off
123,crpiox,On/off clothing optional beach
124,dplv66,Braless as usual â™¡
125,cfeij9,"First try here, how'd I do? ğŸ–¤"
126,8l1sxh,Pretty girl taking off her dress for you
127,2enc3z,On Off Swimsuit
128,ck7202,Best of both worlds
129,8s92x8,States of undress
130,5zgji8,"No makeup, still stunning"
131,4br6xy,Yoga girl
132,3tfisa,Wonderful
133,cxowup,[F] Went out grocery shopping like this ğŸ˜‹
134,95cfd4,Bathroom Selfies
135,dfzgus,On/off before I head to class [F]
136,81u8tz,"First post here, am I doing it right? :)"
137,8glqla,Let's get weird
138,64cphc,Bit on the thick side
139,6c31fq,Exactly as big as I thought
140,czwdb5,â€˜tis the season
141,d0xohc,I'm a simple woman. I show the tits. I get the upvoteğŸ˜‹ [OC]
142,3vewl5,Future Lower Back Problems
143,688tsy,No more mutants
144,6grlps,Girl
145,9fhs5j,Cute both ways
146,aij0w6,Is it as good as youâ€™d imagined? [F]
147,93bno7,Good Girl | Bad Girl | Worst Girl ğŸ˜‡ğŸ˜
148,bp9n8x,"Crop Top, Won't Stop"
149,9gaa2r,My first On/Off
150,88rk3v,Take me to dinner and letâ€™s play under the table :)
151,7nribt,Surprise
152,4lkgpq,Nina North
153,ckuwwe,A good smile
154,8ccf7l,On/Off and tight dress
155,aagbks,after the gym
156,95o9zi,Hi Iâ€™m new here 34(f) ğŸ’™â¤ï¸
157,43coac,actually a nice dress
158,do7sa7,Would you fuck the farmerâ€™s daughter? [F]18
159,d85x6z,Good bye summer ğŸ‘‹
160,81z7nf,"I hope this counts as ""on"""
161,dkla72,If only guys at the gym could see this
162,5afiff,Lily Ivy
163,5bzvzi,Fine. Better ?
164,9rl81f,My pussy always looks better in natural light
165,4ziuip,Someone got some sun
166,cquj4w,Are you not entertained
167,68siyh,Closer
168,b1a4o5,Showing Off
169,92q89t,Amazing Body...
170,cvuafb,Greaaaat tits
171,7h961c,Model chick from LA
172,7sxcbi,Does this count? Pubic hair on/off
173,anzhxc,Hope you like petite blondes ;)
174,agxk8c,OnOff
175,82eiev,Ever wondered what's under my school outfit? :P
176,7a4tdd,College cutie.
177,5evym1,Last one until I see her body too
178,cxwvcv,Itâ€™s amazing how much so little material can cover
179,793fhg,pale and pierced
180,b55zek,Indian girl !!
181,2n60q1,Clothes come off and her hair comes down
182,8bmcqk,A preppy On/Off
183,4pmdqy,Pierced Nipples
184,a2oq25,Liya Silver On/Off
185,cftjer,"Not gonna lie, I prefer her naked. (duh...)"
186,4p3veg,Would you think that this was what was under these clothes? (r/gonewild)
187,3sw8wh,Fit blonde
188,86s6v9,Out in the sun
189,9lbalg,What's under the bathing suit
190,7znj59,Shannon Lawson 32D
191,dnbwfi,Sexy swimmer
192,aomzx2,Come get cozy with me [F]
193,a6otsv,"[F24] Thanks for all the love yesterday, here's my favorite one of me! What do you guys think?1"
194,7jb2qa,Snap Chat Cutie
195,ar3nr2,Goodnight
196,8pu64g,Chalice
197,92upzx,Surprised Strip from Millsaps
198,de2f5r,My first attempt at an on/off. Did I get it right?
199,b2666p,"my first post here, please assess"
200,dwi4aw,[F18] Excited to suck some dick tomorrow ğŸ™ˆ
201,cwb67j,"Donâ€™t mind me, just taking my clothes off"
202,afkr7d,"At The Gym, At Home"
203,7yz6k9,Who remembers Lightspeed University?!
204,ayf90c,Cute
205,b89h39,"When you see me in public, remember this â™¡"
206,7wslx4,Pink Piercings
207,6934q9,Does it count if I've only got on a towel?
208,89ll0r,Like me better with or without?
209,6b2rb2,Ten Girls
210,cugn9o,"Good news, everyone! ğŸš€ [OC]"
211,awvhqs,Tight body
212,cdrjgu,Rey
213,9dtei8,Freed
214,dl6fcz,"ITâ€™S MY BIRTHDAY ğŸ‰ On/off â€œBored at work on my bday, bathroom fun, birthday suit editionâ€ [f]irst post as (32) ğŸ˜… (OC)"
215,aeotvq,Showing off my petite self [OC]
216,c1f07q,Any love for petite blondes like me? â¤ï¸
217,azrxr6,Bikini On/Off
218,a86ayi,an asgardian needs to be a little naughty too
219,aqvmif,What I hide under home clothes ;) [oc]
220,a2ck7e,Heidi Grey
221,c9g700,Modest dress reveal! Are these okay?
222,dsno72,[OC] I like my little curves :-)
223,4siby8,Looking at flowers
224,22f7lu,On vacation
225,39mwly,Selfie in the Car / Lifting up her Shirt to Show Off Her Piercings
226,a69nkw,Fancy dress.
227,9b8ch4,Funsized
228,bwxkbj,On/off/onish
229,a51mf2,"was social tonight, so here's your on/off evening wear edition [f] :)"
230,51ivi1,Florida State
231,73zqs5,Don't judge a book by its cover
232,55z73o,Blue top and sweatpants
233,3iy7ao,Kept the socks on
234,au5vko,Tube top
235,5gfatz,Tis the season
236,d3rbjg,A little post-workout on/off for you [oc]
237,bn6a0f,But I'll keep the sneakers on ;) [OC] 32F on a 23F
238,amemj4,Selfie time!
239,9i8jgs,[OC][19] Haven't posted on here in a while
240,4zq9w2,What have we got here?
241,6hlaji,Busty
242,7byr3r,Busty redhead
243,9a6id3,Cutie
244,ctfnbc,Wonder what I look like after the gym? (F)
245,abx8e2,This girl is hot af
246,aveyod,Do you like tight jeans? (f)37
247,3nu1jz,On Off Swimsuit
248,bit1pf,Stunning Blonde
249,61fgwl,Beautiful Shaved Blond
250,dihiyy,The dress wasnâ€™t covering much anyways [OC]
251,51nacx,School
252,9aeuka,Framed
253,9zd12l,Side by side
254,ank85u,Adorable on and off
255,b6j4cv,What about a cup of tea with me? ;) [oc]
256,2iaha9,Forgive me... I had too...
257,9kgxis,Interesting expression for sure
258,cd5tct,double
259,bfsl1c,Adorable Smile
260,dffp12,Bigger than I thought
261,9057p4,I'm smiling when my purple dress it's on the floor. [F]
262,6yc4z0,Taking off her dress
263,3z0sih,"Well, that was easy enough"
264,9o6u69,Which do you prefer? [F18]
265,7j2e25,Pink lips and tan lines
266,5kbmcq,Sexy
267,bo4kl1,On/Off
268,5jwlyn,It wouldn't be a nightmare if you were here (xpost from r/GWNerdy)
269,crzd5k,Dillion Harper
270,8o3o6w,I would hike with her
271,8lxzyr,Chalice
272,6o0yut,My cute romper :) Album in comments
273,d4qq4f,Dressing room on/off ğŸ’•
274,bullkd,Hot blonde
275,97t0f6,Sweet tits
276,4n4l0c,So curvy
277,bywoi0,Splits
278,86dg7x,First submission here... french college girl [self]
279,9jck7r,Showing off all angles
280,4stro4,Choker
281,arl1g7,Effortlessly
282,52whvi,Briahna Gilbert
283,b0zy7p,Very Nice Set
284,6z5gy9,Blue hair.
285,d25u72,My first ON OFF! So I'm a little nervous! I hope you like my maid outfit
286,cer7q9,Just my on/off ;) [oc]
287,cpxp8k,Easy access â˜ºï¸ (OC)
288,d184ug,Busty nurse
289,d52xt1,Love getting them out (f)
290,bx6pdm,"Iâ€™m just trying to break reddit! Hereâ€™s to the new thing, Onish"
291,bh5c9u,Bend the knee ğŸ²
292,2xzeew,Amateur doing a On - Off - Off
293,b0tx66,What I look like under my PJâ€™sğŸ˜‰
294,9ijydx,"Go easy, it's my first time! <3"
295,4pxfxo,Nice and naughty
296,7u91ll,Baby don't care (Slydur in comments)
297,8aqrnj,Lets get weird
298,8gsbn4,Delicious Ass
299,cegnd0,On/off in gif form! [F19] OC
300,bk09uy,[OC] A little throwback for Thursday ğŸ˜˜
301,b1g2r4,Pics for FB vs Pics for BF
302,d6so0v,pierced on/off
303,3q566f,Office girl
304,5aasei,GO Bears!
305,bbd7mz,Beach Blonde (Album in Comments)
306,ajowqc,Squirtle on my lil' jigglypuffs ğŸ˜‹ [oc]
307,825xcr,Grace from every angle!
308,b2w2si,Bubbly and Perky
309,61ro1h,Still the champion
310,870ufx,Making history
311,bergp2,To the boy that called me cute in class â™¡
312,a3egf0,My colleagues have no idea what I wear under my business outfit [oc]
313,7ff0cq,Senior pictures
314,5iozdp,Cutie Pie
315,drfn8b,Mirror images
316,7wd0tq,Naughty
317,burpx6,Tank top cutie
318,arxygx,Just look what I hide inder my home clothes ;) [oc]
319,4a2u23,One at a time
320,ct0b3d,Interesting On/Off
321,a8c19k,Teen in video
322,9vtpz7,Lera Kovalenko
323,7lywpt,Work out girl
324,7ve89e,This subreddit idea is funny lol [oc]
325,9gyq7n,Jenna
326,4wv0yo,Very Short Skirt
327,9b02eg,It's a Christmas miracle!
328,67y6db,on/off milf
329,b1nblh,Wow
330,87avyv,Front-Back-Side-Side-Front
331,ds2hp6,post shower on/off!
332,a17k2o,She seems like a nice young lady.
333,90jnen,How to stay cool in the hot weather
334,7w4c9z,Let me brighten your morning :)
335,9eziur,Gym Girl
336,dv179o,[F18] On/off in my favorite little crop top ğŸ˜œ
337,ckle39,Friends forever
338,4bcbhi,She needs some sun on her boobs
339,8dzgwr,(f/19) Feeling elegant in this lingerie â™¥ï¸
340,7xtkwq,"My first time making one of these, how is it? [oc]"
341,cus40k,Levels of comfort
342,dxlypz,Good day for a swim
343,8ecthd,The lavatory is most definitely occupied
344,d05qrt,Itâ€™s all round
345,9lpvq1,Take your pick.
346,c800hh,"Huge boobs, perfect body"
347,1khodh,"Well, that was easy enough"
348,72njgj,My on of[f]
349,cyd048,Shae Summers
350,3ys63k,Off/On/Off
351,ambqzt,Can I leave the boots on...as long as everything else comes off? (43)
352,awctf5,From top to bottom
353,5r7yxv,Bikini bod
354,79r1hp,Stunning
355,8avz5l,Mirror mirror on the wall.... Part 2
356,5jksgw,Various stages of undress
357,b5p2nj,In yoga pants ;) [oc]
358,47ixfi,All smiles
359,a4vjvi,"First official On/Off! â€œJust because Iâ€™m reading Freud doesnâ€™t mean I have daddy issues, Daddy!â€ ;)"
360,bso7s2,Hot nurse
361,d39acc,In the water
362,b6w02p,Tight and Frizzy
363,5x301i,"Soft, tanlined, perfect body"
364,1ph8hk,Taking my work clothes off
365,7er0zk,My Favorite Outfit
366,4lpaxo,Smiling MILF
367,d1gvk5,Dress no dress
368,dw6gq2,brown beauty
369,80lt5r,Glasses off & on
370,53708m,Perky
371,arrhr4,Sheâ€™s hot
372,a1uodv,Towel drop
373,9on3fa,Smirky little minx
374,8roukq,Hoodie On/Off
375,8fjk7t,Sneezing
376,dgua4h,Internet Princess
377,53bxna,She Lost the Dress
378,a612eq,Jesus Christ...
379,aq2kzh,What a huge surprise!
380,cc1o82,On off times two
381,8bg9i6,The Empire Strikes!
382,8kg896,Hiking
383,8zoa3l,Damn
384,8mpalm,Nadya Nabakova
385,4ui8uf,Afternoon to evening
386,9brohw,Think she forgot the shoes
387,b31xh1,Glorious Tits On This Cutie
388,7mm95l,Redhead's uniform hides her assets
389,4q2vho,Cake for breakfast
390,aqmz34,I'll be your Valentine â¤ï¸
391,d7ad4d,Tongue out
392,6szsoi,Making history
393,6xt6ad,Bikini removal
394,6qf29v,Dressing room
395,9cm100,"Wearing Lingerie is good, but naked is better"
396,af27xe,On/Off
397,7ie3og,Wifey material
398,a8reo5,Cereal And Boobs For Breakfast
399,cs6c1u,Bombshell !
400,bzwcnu,Eva Elfie
401,6cxqnw,NASA on/off
402,8entfy,"Yes, much better"
403,11p3mq,On/off am I doing it right?
404,cz1znr,Prom dress?
405,d5pp6b,Sydney Sweeney has big tits
406,8p5je3,(f/19) The girl next door :)
407,dq33vd,I canâ€™t even imagine how many of my classmates saw me naked. But I do not care! ;) [oc]
408,droctq,Naughty wedding ğŸ˜
409,9xmm1c,Coat to titties on/off
410,d49fs2,Post workout
411,czjwj5,Back to doing teacher outfit on/offs!
412,7q5j4m,This belong here?
413,7r0jli,Reveal
414,cis7pi,I need to stop posting nudes and just sleep! (F)42
415,8socpn,Sexy.
416,4dg48i,Stunning brunette
417,8p0b15,Who wants to go swimming with me? :) [oc]
418,4z1neh,Not much on/ All of it off
419,82ltc1,yellow dress
420,5d2cb6,Office girl
421,94gkal,Nice dress
422,55o52c,Your Average Attractive All Natural Girl
423,73e0zz,perfect body
424,al2t5m,On/off for all the booty men out there ğŸ˜˜
425,7ogj4q,Sol de Mayo Reveal
426,cluot0,Perfect Tits
427,3snsg5,Dirty huge secrets
428,3efs4z,Quite a beauty
429,c44e45,"Innocent vs Still Innocent, I promise. Hehe â™¡"
430,98jd3p,Still wearing her ankle bracelet though
431,8r1706,One piece/no piece
432,6lq0r4,Cute
433,5lxyi0,With and without the thong
434,1fqr6o,Black Bikini
435,c20v8c,Sydney Sweeney has big tits
436,4paapf,With glasses
437,1j1uwn,First time posting. Be gentle.
438,biad5w,(F18) a morning on/off ğŸ’•
439,bucbhi,"After our wedding day, it's the time to a little swimsuit OnOff. If you guys want to tribute in PM... It will be a pleasure ğŸ˜˜"
440,557n5n,Kept the socks on
441,ccok6x,Her hair tho
442,bqgf56,qwertyas123 - On | Off
443,5yqwsh,(Self Post) Double OnOff
444,dbxy0p,Wow
445,as3n12,Her eyes
446,bcsndz,Black leather dress
447,6w09gn,Very decent breasts
448,dfsbk1,Such a tight body!
449,c6qvac,In the bathroom
450,9kba2g,Nurse
451,age7dg,"Such a pretty young woman and her tight, toned body"
452,asgjg6,Hey there :) hereâ€™s a mediocre on/off attempt lol
453,3459ld,Sexy strip down
454,58xxix,Curvy
455,5tl798,Lovely black girl
456,98aoaa,The shoes stay on
457,dm90yq,I love this skirt almost as much as I love taking it off
458,7lqx64,Baseball
459,cu6rle,Busty brunette
460,a8xvrc,Showing off her little boobs!
461,cax4d0,Her eyes
462,asnjmk,My first attempt at this!! Did I do good?
463,9hrihe,Showing her great shape
464,cidehv,The only outfit that beats pjs:p
465,c5ducw,Fitting room selfie :) [oc]
466,d0p4nr,Farbootyy
467,4r1v7q,Natural Columbian
468,8fug9y,On/Off at home and the office
469,8vab22,[OC] Sundress season is my favourite season ğŸŒğŸŒ»
470,8o8h8n,Just your regular girl next door ğŸ˜„ [OC]
471,5u038c,Perfect Susann
472,dqd2p8,Blanc Noir
473,dalb70,Gorgeous
474,axfjdd,There needs to be more like this...
475,3i28y5,Towelie
476,dcgbdq,What I look like under my summer dress â˜ºï¸
477,agpitz,[OC] Made this little outfit myself. Is it too short to wear outside?
478,8w9ojc,City of Angels
479,cvlesp,What do you think of her?
480,acbrm9,[OC] Petite contribution ğŸ˜…
481,a31o2s,Time (f)or work
482,70ap52,Striped skirt
483,di74hy,Frizzy hair
484,8vqxm6,Wedding..
485,551wj9,Took off the shortest dress ever
486,doxj06,Red dress
487,bezci7,Now those are some great post-shower pics!
488,52qmjx,Dorm room selfie
489,bqvsnb,amazing tits
490,b9y2yy,Gorgeous Blonde
491,c3xvum,God damn
492,7i9ago,She Flies First Class
493,3pc7d4,Carmella Rose
494,9810rv,A hot Blonde
495,b9doow,Ever see a mom running errands and wonder what she looks like under her clothes? This might help.
496,dxvmdp,Ashley Black
497,cfmla2,On/Off times 11!!
498,ak0a3u,Pikaboob
499,5dru2o,I would laugh too if I saw here taking off her clothes! (x-post redlingerie)
500,a7ckhf,Everything about this gif makes me happy [OC]
501,6ajjuz,One at a time
502,b4wg5e,Bathing Suit
503,7h0mbi,Gym girl dreams
504,2ogmo6,Jess Davies revealing her tits
505,9lma02,Would you have guessed? ğŸ˜œ [OC]
506,7cyio0,Beauty.
507,63k0sk,Ginger.
508,bol3cd,What I wear to a party vs. what I show reddit ğŸ˜ˆ [OC]
509,3famyn,Come unwrap this naughty little birthday [f]ucktoy ;)
510,945i36,The cute receptionist
511,3t0q7s,Carisha
512,500utj,I've missed seeing your face
513,d0f7gg,Out of her gym clothes
514,dv9he1,What I wear to the pool vs. what I should really wear at the pool
515,2qh945,Marry Queen is really hot
516,4vguy1,Both ways
517,ajgn48,Better without
518,1f2249,I'm new. Am I doing it right?
519,bel3f6,On/Off on the plane! ğŸ˜± - More in comments.
520,4noc6l,My first attempt at on/off in my new bathing suit ğŸ˜‡
521,6rmrny,Adidas girl
522,4ywdiq,I call this one off/offer
523,56gqfe,Professional
524,8qjc0e,Briana
525,78c3ld,An oldie but a goodie
526,ctrgho,Classy On/Off
527,d7xfen,Before and after my workout ğŸ’¦ Want to help me get sweaty all over again? [oc]
528,az6t91,I took this in a restaurantâ€™s restroom
529,cl35by,"Im in love with my new VS lingerie, but cant wait to take off it! [oc]"
530,39ixrt,Bringing OnOff Into the 21st Century
531,888tcz,Arizona girl
532,am3qi7,Before and After
533,aeggdm,Taking it all off
534,4h46ky,100% NOT Trailer Trash!
535,ab8wf1,"Left is how I'll start the night, right is how I'll end it. Happy New Year! ğŸ’¥ğŸŠ"
536,8u09zi,That gym class style [OC]
537,bvxcr3,Going commando for the first time today!
538,9irt0u,"[19F] My first on off, I hope you guys like pink!"
539,9schvd,I prefer off
540,7lij41,"[F23] You guys loved my last post, hope you enjoy this pair of Indian tits :)"
541,2z8bch,My ass in and out of leggings
542,5xdk3c,Before/After the Festival
543,8g0730,Which one do you prefer? ;) [OC]
544,a0vpic,Quick pic before work. Enjoy! (F)
545,34tgen,Naked nurse
546,dhy0v2,On/off ğŸ˜ğŸ˜ğŸ˜
547,8m2knp,On off with my new favorite outfit [OC]
548,23e2by,How you like me now boys?
549,6v92ek,Good girl
550,b001sy,Maybe Iâ€™ll go out without a bra underneathğŸ˜‰
551,cao4gr,An On/Off of a sweet and horny mommy of 3 [F]35
552,bmo2kp,WOW
553,5zzrgb,Yoga Attire
554,916tgq,Bikini Season ğŸ˜‹
555,d1sph0,Under my tank top ğŸ˜‰
556,50d8y5,With and without the Hijabi
557,df0rxw,"This bra gives you quicker, easier access ğŸ˜‰ğŸ’™"
558,61ytbn,Cutie with glasses
559,3u9lbq,that is quite the face
560,4cux2t,Blue Jeans
561,a7k710,Emmpot
562,7n88zz,Who wants to see my [F23] Indian body unwrapped more? Album in comments!
563,b7bjnv,Peep my labia in this set... too bad my panties will be on the [f]loor in a minute :)
564,7mr7yv,Nadya Nabakova
565,8d1x7f,Take a look and see whatâ€™s hiding under my clothes for yourself ;)
566,banu25,What I wear to a party vs what Reddit sees! [OC]
567,adoycu,First post here! Hope you like petite blondesâ¤ï¸ [OC]
568,7qpamb,A Reveal with a Wink
569,dj5kuc,Great proportions
570,7rxk29,perfect body
571,799kye,L A
572,dpcybf,Guess it's time [f]or bed
573,3uqner,Adorable girl in a black dress
574,72rjkz,Got out o[f] my dress for my girlfriend
575,3zep39,UU
576,ao8pcj,"Spent the day browsing art, spending the evening incredibly horny"
577,ad85c0,Gif good for this sub? ;) [oc]
578,82snwd,Office girl
579,7xxtji,Eager to break out
580,atro7y,crop top & short shorts
581,by8lpx,"Which do you prefer? 1, 2, 3, or 4 hehe â™¡"
582,97pffd,Tan lines
583,8gyvhw,Do not trust sport bra
584,a8kmz7,Viola Bailey
585,ahtkom,Very Cute On/Off
586,aiz152,Tactical turtleneck
587,4c28vc,Sexy Black Bikini
588,5fu36q,Eventualities
589,3dxwsq,The reveal
590,6axe75,Cool stairs
591,da6di3,Selfie
592,c86d1k,Her smile
593,8tw7yb,crop top & short shorts [oc]
594,74z4ud,Bikini
595,69k7yq,Georgia.
596,aff361,That's a nice camera!
597,6ttfqi,A Feast for Crows
598,dg7xry,"It is finally cold enough to wear PJ pants again, but I bet you prefer them off ğŸ˜‹"
599,a6eyr5,[F24] Any love for a friendly Indian chick who loves to work out :)
600,ba3ffw,[OC] 1st Official On/Of(f). Anyone else get dressed up last night?
601,6ssnax,That stare
602,1k51m7,Biggest contrasting on/off
603,4tzful,Good thing it warmed up. That sweatshirt was getting in the way.
604,bgl16u,Really not Bad! ;)
605,4wc7gn,Bodypaint
606,3ykwsh,A Crazy Smile
607,52m44h,Really great body
608,6uu3i8,Brunette
609,6a34oe,Six in a waterfall
610,3d4rfy,Lifeguard
611,cnqt4u,Trying a different approach...do you approve?
612,6h6tua,Vacation nights and days
613,92l6ww,Happy Saturday ğŸŒ
614,5bpks1,Perfect Body!
615,cog5y7,Off with the cute dress
616,bhydzs,On/half/off
617,5rmm0d,MILF
618,5glg78,beautiful smile
619,d65izr,What the other college kids didn't see at the party ğŸ˜ [f/19]
620,at3r8m,Your view when I come up to you while you reddit :)
621,57wued,Open flannel
622,9c2qpe,u/InappropriateHug OnOff
623,7dlhur,Cutie with a smile
624,9ecd29,The shoes match both outfits
625,8r7e9j,on or off?
626,4uo3lz,Sexy Caprice
627,dcolfg,On/Off
628,32jtvr,Skinny girl with huge tits
629,d993d5,I prefer the outfit on the right at all times if possible [OC]
630,7jrzyw,Naturals
631,3sbqri,Mirror Mirror
632,6zcwsg,A girl has beautiful smile
633,8t7z4x,Nothing brings out my inner slut quite like swimsuit season
634,bq2uja,Asian Cutie
635,blpusf,What's hiding under my coat ğŸ˜‹ [oc]
636,covez2,Undressed for success
637,cj6hny,"Hey you, wanna see what is under my bikini top?"
638,bsv6rc,Not that much could be left to the imagination in the first place ğŸ˜‰ [OC]
639,4go307,Tank top
640,3ye8t2,A nice set appeared
641,6x3ujg,Most unflattering uniform
642,4x6bdy,This girl has such a cute face
643,cnruir,"Oh no, my Southern is showing! Might as well let it all out now, right? [F21]"
644,bk7mvj,[OC] Does this new red lingerie look good on me? ğŸ˜
645,4d60le,Dinner and a nudie
646,dj01s9,Amazing
647,7oqiv2,Boobs! [oc]
648,87y3ym,busty and petite
649,7dr9at,Blonde
650,7c466g,Jaw dropping blonde
651,al8on6,I need more
652,6mds15,Icebreaker
653,akgoay,shots
654,949dwd,Cute receptionist strikes again
655,4bhez9,Nice rack
656,bjnjqi,Not much to remove to get this dress off :P
657,8tcw5p,Sundresses make it easy to flash in public. I hope you like my first post ;)
658,5wy0g7,Blonde
659,93rdb0,Pale & Busty
660,dqqqo0,ğŸ˜wowğŸ˜
661,9rf60n,youâ€™d like me better naked
662,99wldc,Matrix Reloaded
663,7ngx6i,Before and After New Years
664,43ix7z,Stunning Israeli girl
665,dcx2tx,On/Offish ğŸ’›
666,7cexfp,Salma Hayek ass and 32Ds
667,9outrx,From grumpy to happy
668,9k2zyb,bra & panties in the mirror ğŸ’™
669,an8ygr,[OC] Casual on/off ğŸ’›
670,dtwca9,"[F] My first On/Off, I hope I did well!"
671,9561ui,Playful
672,7ji4px,"They Call Her ""Slim"""
673,cbtclb,nice ratio
674,977k8d,Modest curves
675,cmoaae,College Football
676,2et3vp,Black Heels
677,8we3cs,"Short skirt, small top [OC]"
678,531lvo,All Eyes
679,7k5puf,On point!
680,35aatj,Paradisiacal
681,dxb4l0,"I had to stand on my tiptoes to take this video- 5,2 ft ğŸ˜„ (F19)"
682,dkvk5w,Not exactly oversized but hides so much
683,2yr20l,On/off clothes and glasses
684,afrmkn,[f]irst post here. Any small boob love?
685,5i8ieu,New out[f]it
686,6wpw71,She did some redecorating
687,co1heb,A little peak for you
688,at9tv7,On/Off Busty College Babe
689,dlx33t,Aimee Lou Wood
690,dr6sih,Still counts right? (F)
691,6b601j,In Her Bedroom
692,595nu3,Sexy Milf
693,bee3f0,Classy and Sexy
694,2gjtgv,"Sexy Eyes, Even Sexier Body"
695,9fwibi,kayla 360
696,8381xm,[F]irst post here! ğŸ’Œ
697,5z4i6o,Cute freckles
698,13whvj,Not sure if petite body or big head
699,95wunn,After A Few Beers...
700,9elqqj,"I'm tired trying outfits, I think nude it's the best choice for home. [F]"
701,df4x9r,A little on/Fuck Off to the impersonators out thereğŸ˜œ [f] [oc]
702,8kxbvr,Before and after workout
703,8v0pwb,[OC] Little black dress â™¡
704,a4ooxr,Removal of the bra.. [OC]
705,9e3n65,Bottomless and topless
706,6js7p0,Dinner and a nudie
707,djus7r,Should my lingerie be on or off when waiting for you to cum home? ğŸ˜ˆ [oc] [f21]
708,bfof59,In her room
709,ap8vh7,Heavy tanlines on the beach
710,b8wuop,Quick on/off for showing my hard nipples ;) [oc]
711,dk2txf,"I'm quite good at hiding them, don't you think?ğŸ˜‚"
712,c91etd,Bra removal
713,66jxx1,When you don't see each other because her work
714,c06cp2,"My first post here! What's under the trench coat, you ask?"
715,a5owy2,A Little OnOff Before These Finals Make Me Off Myself[20F]
716,45f65g,Bra isn't necessary.
717,6xy6di,Love the Piercings
718,a5ticd,Does staying in a hotel make anyone else as horny as it does me ;)
719,cwk4id,New gym so of course I've got to pull out the titties!
720,971h4t,I love being outside !(:
721,dh94mg,On/Off ğŸ’‹
722,45xgh2,Nice rack
723,clmtnw,"How do you like your satin, on me or on the floor? â¤"
724,7c97qs,Big one.
725,5lj6b7,Niemira Foxx
726,7axffi,Shannon Lawson 32D
727,bjubhs,Bigger than you expect? ;) [oc]
728,9l40x1,Bigger than I thought
729,2sbzn0,The pool brings out the best in her
730,2a0lab,Sorry!
731,7a8uq1,I guess this counts cause my underwear came off;)
732,ci284n,"It was SO HOT so I had to get my tits out, I hope you don't mind?"
733,6pfahy,Amazing hips to waist ratio
734,aoz51z,Sweatpants on/off
735,705hrm,Swimsuit Body
736,701kr0,Improperly proper
737,4ep9ne,"You can check me out right over here, nurse"
738,7atucn,Smile
739,6o90hg,"Petite, pale, and perky"
740,9unsut,Special kind of on/off ;) [oc]
741,9hwt28,Fun group!
742,8odi67,"Heart Shaped Bush, neat"
743,7jzzu1,Little landing strip
744,9x9pcn,I always thought I am so skinny. But I wanna show you what I have [f]or you ;) [oc]
745,6j4mmm,Georgia
746,d7hp5d,My favorite dress to wear without panties ğŸ¤­ [OC]
747,5fb3ha,Big boobs
748,2nxrii,Ridiculous
749,appgsj,Is it spring yet? ğŸŒ¨ï¸ğŸ˜­ğŸ˜‚ (f) 37
750,adhicq,Fishnets and my coziest sweater
751,cv95i9,Ffion Holly James
752,dmqqnc,Just because I donâ€™t deserve your attention doesnâ€™t mean I wonâ€™t try for it
753,cb7551,Gabbie Carter
754,c3q23q,"In my house, clothing is optional but booze is mandatory ğŸ”¥ would you be my drinking buddy? [OC]"
755,6vfokx,Back from the ride
756,dlh8d0,(On/Off)Watch as my clothes magically disappear ;)
757,505aws,Showing off her amazing tits
758,8iycpc,Double trouble
759,4mn6ok,Vinyl
760,dtdizo,Progressive
761,d1onsw,Ogres are like onions
762,chts41,Short shorts and pink Vans ğŸ’•
763,dgdf9g,"Do you like number one, two, or three? [F]19"
764,a4lgje,Emma Glover On/Off
765,8z1dxi,Blonde
766,4u60zl,Showing off her goods
767,4d2uyg,Tight fit
768,6qy0z2,Little strip out side
769,cf7jy2,Little butt under this dress â™¡
770,csewnd,Since you're ON I hope you'll get OFF to my posts ğŸ˜œğŸ’¦ğŸ†
771,7h4qwc,Choker
772,c5usip,I hope the easy access from this dress is appreciated ğŸ˜‰
773,6jkeok,Perfect tan lines
774,c0hn47,Those looks
775,3me2d4,Nancy A
776,bc7k32,Sexy ğŸ”¥
777,asopih,Dreamy
778,dql2bv,Amazing redhead
779,83lc9m,Indian Girl
780,77iqwz,Big Eyes and Beautiful Boobs
781,6whmll,Black dress
782,75cbz3,Fit blonde takes it off
783,7b4u6p,Glasses on/off
784,cgyi6y,Working on my summer bod â˜ºï¸ [OC]
785,7yd4y9,Lovely smile with or without clothes.
786,2od4dk,Astonishing
787,def3kn,Beautiful bunsğŸ¤¤
788,3xx6kb,What Selfies Were Made For
789,483o41,Plain White Socks!
790,dog678,Who wants to be my after-workout reward?
791,6rr66r,leaving little to the imagination
792,8a9w6a,"Rain drop, drop top...bra and panties"
793,7v3vu4,Gorgeous
794,cshlcd,celebratory back to school on/off! ğŸ‘©â€ğŸ“
795,bydz9s,Cute Redhead On-Off Selfie
796,4e5o77,Busty girl
797,9jfhpq,It looks like on at home and off in her dorm. Sounds about right.
798,570rdq,Gorgeous Smile
799,adsq20,Red Dress
800,4494j8,Nice tattoo
801,2s50ar,"Flannels are (f)un, but titties are funner"
802,41zx4j,Fascinating
803,2kd614,Rear view
804,4z8kna,Nice Backside View
805,9t8wjq,Peekatyou
806,34xvin,My workout gear coming off
807,96n7wl,A sun devil
808,8bqleq,Catch 'em all....clothes edition
809,1j7id5,A bit different [gif]
810,65f0fp,Different view
811,8g5qxv,Adorable blonde.
812,bs1vdb,After working out!
813,8xgfcp,"OnOff in the dressing room, did my nipples show too much in this top? Album in comments"
814,8lskxn,Busty on/off
815,5es0pc,Juicy booty
816,5bfq83,The girl next door
817,7ewmk5,Mother/Daughter tits: Susan Surandon and Eva Amurri
818,cp3xzo,Green lace from behind ğŸ’•
819,9ozivs,Curvy babe in different stages of a day
820,9a1eai,Locker room
821,cckp3p,[xpost from r/biggerthanyouthought] hidden treasures
822,chlbwq,Such a cute face!
823,a03vf5,After pool [oc]
824,c0upgc,Does this fit?
825,9idare,Shake shake shake
826,4rg6x9,"Petite 18 year old takes it off, bends over, spreads her asshole, and smiles"
827,426buy,Lady in the streets..
828,29c4z4,Before (and after) a night out
829,boj4ep,On or Off? ğŸ¤”
830,by4zv9,shapely redhead....the real one
831,durdnb,"Cute pajama, but I prefer ""off"" ;) What about you? ;) [oc]"
832,7t3i00,On/off and maybe even a little bigger than you though?
833,d6el8b,Like my spacey on/off? ğŸ‘½
834,4zu4g0,Sexy either way
835,dh2a4u,[F18] I look best with my shirt off ğŸ˜œ
836,8ristu,Time For A Holiday?
837,87r8fs,Lucy Pinder
838,2fn07m,Curvy
839,btyq8o,Show off
840,77lj7x,Hi:) mwuahğŸ˜˜
841,cqju8m,Any TOOL fans here? (f) 37
842,7heuco,You really can do what ever you want
843,avmhhm,Tongue outğŸ‘…
844,8f5wmo,Cute Behind The Wheel
845,6eeb6o,Girl
846,9zrhpe,I wanna make your Friday better ;) [oc]
847,c5o7s7,Red bra
848,22xann,Cute busty blonde
849,clh3u2,Looks Happier When She's Nude
850,2xo1ei,Workout gear
851,5y7sbw,Ella C
852,80057h,"A bit of a different kind of OnOff, hope its Ok! [OC]"
853,338dtx,Thigh-high socks with and without panties
854,9gj75l,Yellow Pants
855,6hf5tt,Blonde
856,27jx6i,Yes they are
857,804g3l,My bar outfit last night on/off [OC]
858,6629lz,A costume and a birthday suit
859,60fxyq,Lean to the right
860,5i3fpe,"Sorry, definitely not sorry"
861,864ciy,Super cute college chick
862,cy5gf6,In the bathroom
863,bi5rpe,quick on/off at school!
864,2j81qx,What lies beneath
865,c7r0z0,Pink Haired Desi
866,4ua3nd,She Likes Horses
867,54h5nl,Cute college girl
868,c5150n,Converse and a cute summer outfit
869,akn29n,[F24] Fuck me while no one's looking
870,brwzb6,That body though ğŸ”¥
871,1tyo03,Blue shirt (from /r/ladiesinblue)
872,8zuncc,Hand on the doorknob
873,bh00pr,On/Off after coming back from the gymğŸ˜œ
874,dntp5u,Tight Dress Out
875,7340nk,Messy hair
876,7zeayj,more on and off ;) [oc]
877,96tuu8,Summer Dress
878,5iucz2,Pretty sure its the same girl
879,6hsaen,Open door
880,a1jrx7,Work Me VS Reddit Me [on/off]
881,3734fj,before and after a shower
882,czbtz7,Yes I bought it
883,4v7z4j,Hot Damn!
884,5butw9,Need to go to Church more often!
885,a6iapa,Staying com[f]y
886,c75wfy,On-Off Selfie
887,6m4qdl,On/Off both sides.
888,97b7ib,Think everyone would agree she looks better without the clothes
889,8h3xgl,Sweet Teen On Off
890,56xi0a,Glasses on/off
891,4sdty6,Wedding Day
892,43q3to,Trying out her camera
893,1rn4ed,32 Year Old Mother Of Two
894,9nl108,Glasses
895,988k25,in the guest bathroom
896,6p6svr,Progress
897,27mkgx,Bursting out | Bursted out
898,bafe7t,"Looks small in this dress? ;) he-he, no ;) [oc]"
899,2zct8i,Amazing body
900,cpb6ut,Have you got few minutes for nice tits? ;) [oc]
901,2zsw3t,Hot body
902,d5gfez,Dressed :)
903,49ft6a,Skirt and a tanktop
904,46pv93,Indian Teen On/ Off
905,340vi4,Danish nurse
906,3jm2np,Progressively less
907,6nfj7r,"Hair down, hands down!"
908,2jplty,Carlee on/off in your dorm room
909,84auyy,So tight
910,d3j781,On and off
911,3wdhvb,Cute blonde
912,9oiyhk,Hold up your boner
913,ajbqlj,"[F] Hello! It's your friendly neighborhood Indian chick, reporting for duty!"
914,4gcn2m,Fit Hips
915,6z8q1u,Hmmm artsy.
916,6io0an,Onoff blonde
917,1ufma4,Gorgeous
918,dn2tfq,A cute On/off for Friday :)
919,bnqks7,Olivia Wilde
920,ackzvk,On/Off Gif! [oc]
921,5xgq0v,America the Beautiful
922,6l03z4,Gillian Barnes
923,9et10x,On/off
924,34en1b,Feisty (album in comments)
925,71qbyg,Happy Friday
926,3901j3,Busty skinny snapchat
927,1qyrmc,Sharp
928,9g0s9q,Cutie in the bathroom
929,3z9tli,Dido A
930,9n4rb6,I like owls. And you? ;) [OC]
931,96j05d,34 (f) Date night before and after. The heels stay on ğŸ‘ ğŸ˜‰
932,3b4jwt,New car makes me want to take my clothes off!
933,ah7ao4,The kitchen On/Off
934,a7tro1,Onoff selfie
935,7p28ji,Nice lamp
936,7j7pei,Havenâ€™t posted here in a while!
937,4x1owe,A bra that fits
938,9v0a05,On/Off
939,58gjcm,Kitchen
940,8kc1yn,Before work / At work
941,7px518,Hottie
942,72bea7,"Haven't posted much on here, hoping to change that ğŸ˜˜ (f)"
943,4ft0we,Holding/black dress
944,7dyka3,Mtv girl
945,bz42y2,xo goodnight xo
946,3a4wnm,lingerie ON OFF ( X from /r/selfiesInTheNude)
947,1t5cn2,Celebs On/off compilation
948,5xsvc9,Top notch
949,5t70ri,Dressed and undressed to impress
950,2xkcqk,Sneezing
951,bmi2cd,"If you can't hide 'em, flaunt 'em"
952,1yx9rr,On/off
953,5dxx1k,Practice makes perfect
954,49ylox,Workout results
955,5z88tc,business and pleasure
956,32onkg,"That's no moon! / Oh wait, that is a moon"
957,3g8rzu,Beach
958,9p7lrx,On / off indian babe
959,7gom6h,Busty with a Nice Waist
960,1th0t8,FLASH!
961,dpvlfx,Pyjamas Out
962,d2i0yw,First post. Seemed self explanatoryğŸ˜‚
963,5l4e3z,Sexy
964,86yfip,Moon necklace
965,4usd6d,Letting Them Loose
966,323wu7,Perky
967,cno3a4,"This is technically an on/off right? I couldnâ€™t pick a fav, can you? ğŸ˜œ"
968,2j1zf7,Two girls in towels
969,229ou1,Marathon Runner
970,ca5bb4,All angles
971,9slo7l,India Reynolds
972,71ikgv,Yay sports
973,6xhnep,At the ceremony vs later that night.
974,1hdw24,After a few years on r/OnOff this has always been my fav
975,cf42pr,Hidden treasures
976,c33vts,"Sexy Freckles. ""Oldie"" but a goodie!"
977,8m9smh,(ALBUM IN COMMENTS) Why I donâ€™t buy bikinis online
978,3udtzs,Gym clothes
979,75mp7v,Daniel Sea
980,8n6qa1,Helga
981,6sbx04,Big earrings
982,2zwo82,Summer dresses are hot
983,15y28i,Asian in yoga pants
984,9liclf,See You On The Dark Side Of The Moon
985,74kxuy,College babe
986,44wpfh,Two on and off
987,94r99j,Stretching
988,36dupi,White Dress
989,bqp65j,Happy milf
990,75whx9,Business woman on a reality competition
991,6pjzht,Santa's favorite for a reason
