,Word,num_occurrences
0,aa,391
1,ability,6418
2,abiotic,24
3,able,787
4,abnormal,1391
5,absence,402
6,absent,1731
7,absolute,12360
8,absorb,116
9,absorbed,134
10,absorbent,1065
11,absorbs,80
12,abundant,3715
13,accelerate,96
14,accelerated,66
15,accelerates,13
16,accelerating,42
17,acceleration,325
18,acceptable,2183
19,acceptance,478
20,accepted,198
21,access,16627
22,accident,1403
23,accidental,2951
24,accidents,36
25,according,196
26,accounts,246
27,accumulation,1253
28,accuracy,1109
29,accurate,16151
30,accurately,31
31,achieve,155
32,acid,12722
33,acidic,3139
34,acids,371
35,acorns,33
36,acquire,114
37,acquired,124
38,acres,277
39,across,6884
40,act,4808
41,acted,24
42,acting,806
43,action,26474
44,actionatadistance,0
45,actions,279
46,active,20588
47,actively,42
48,activities,626
49,activity,19625
50,acts,298
51,adapt,31
52,adaptation,1694
53,adaptations,8
54,adapted,100
55,adapting,8
56,adaptive,1740
57,adapts,5
58,add,476
59,added,444
60,adding,99
61,addition,4337
62,additional,7929
63,adds,87
64,adenine,113
65,adh,54
66,adjacent,2514
67,adjust,182
68,adjusted,118
69,adjusting,115
70,adjusts,3
71,ads,406
72,adult,20246
73,adults,452
74,advance,985
75,advanced,3713
76,advancement,136
77,advancements,0
78,advancing,41
79,advantage,845
80,adverse,1699
81,advertisements,26
82,advertising,3881
83,advise,29
84,aeration,207
85,aerobic,615
86,aerosol,886
87,affect,197
88,affected,2764
89,affecting,72
90,affects,197
91,africa,3171
92,afternoon,1005
93,afterwards,6
94,age,277264
95,ages,170
96,aggressive,6071
97,ago,262
98,agree,86
99,agricultural,3734
100,aid,2871
101,aids,322
102,air,32693
103,aircraft,5045
104,airplane,2075
105,airtight,146
106,al,797
107,alaska,1749
108,alcohol,4978
109,alert,1072
110,algae,581
111,algal,128
112,alicia,128
113,alike,1027
114,alive,1356
115,alkaline,676
116,allele,178
117,alleles,20
118,allen,329
119,allergic,822
120,allow,150
121,allowed,107
122,allowing,64
123,allows,224
124,almost,2048
125,alo,5
126,alone,5276
127,along,5418
128,alongside,21
129,alps,100
130,also,9277
131,alter,654
132,altered,59
133,altering,22
134,alternate,1484
135,alternating,271
136,alternative,5181
137,although,71
138,altitude,719
139,aluminum,6082
140,always,12442
141,america,7670
142,americas,102
143,amfm,0
144,amino,1961
145,ammonia,625
146,amoeba,43
147,amoebas,9
148,among,495
149,amount,2018
150,amounts,165
151,amplified,54
152,amplitude,304
153,amu,5
154,analogous,309
155,analysis,2825
156,analyze,19
157,analyzed,4
158,analyzing,29
159,anaphase,1
160,ancestor,1015
161,anchor,2460
162,ancient,4809
163,anderson,272
164,andy,111
165,anemia,219
166,anemometer,67
167,angle,5833
168,animal,19060
169,animals,1335
170,anna,157
171,anne,223
172,annual,19306
173,another,3316
174,answer,5326
175,answered,8
176,antibiotic,1898
177,antibioticresistant,0
178,antibiotics,45
179,antibodies,81
180,antidiuretic,32
181,antlers,40
182,antonia,3
183,apart,121
184,apartment,7148
185,apartments,217
186,aphid,3264
187,aphids,15
188,appalachians,13
189,apparatus,12713
190,apparent,2242
191,appear,1747
192,appearance,9327
193,appeared,506
194,appearing,99
195,appears,1085
196,apple,9356
197,apples,110
198,appliances,338
199,applied,227
200,applies,33
201,approach,11984
202,appropriate,41244
203,approximately,520
204,apron,772
205,aquarium,1515
206,aquatic,2283
207,aquifer,548
208,ar,188
209,archaea,4
210,arctic,2202
211,area,69618
212,areas,1047
213,argon,398
214,argument,1341
215,ariana,4
216,arid,305
217,arises,51
218,arizona,1045
219,arkansas,572
220,arms,2117
221,around,8362
222,arranged,153
223,arrangement,669
224,arrived,63
225,arsenic,613
226,article,11915
227,articles,673
228,artificial,4846
229,arturo,2
230,asexual,159
231,asexually,8
232,ash,3544
233,ask,118
234,asked,41
235,aspect,520
236,assemble,35
237,assembled,58
238,assembly,5933
239,associated,600
240,assortment,69
241,assuming,29
242,assumption,380
243,asteroid,606
244,asteroids,7
245,asthenosphere,15
246,astronaut,765
247,astronomer,829
248,astronomers,14
249,astronomical,472
250,astronomy,403
251,astronomybased,0
252,ate,41
253,athlete,1669
254,athletic,1731
255,atlantic,7103
256,atmosphere,3542
257,atmospheric,1781
258,atom,3454
259,atomic,7173
260,atoms,199
261,atp,430
262,attach,148
263,attached,304
264,attaching,49
265,attack,9673
266,attempt,635
267,attention,1022
268,attract,55
269,attracted,22
270,attracting,23
271,attraction,2963
272,attracts,46
273,au,1612
274,august,419
275,australia,1143
276,author,3892
277,automobile,2710
278,automobiles,62
279,availability,441
280,available,36749
281,average,22220
282,averages,16
283,avoid,97
284,avoided,14
285,away,884
286,axis,2199
287,axles,8
288,b,2910
289,babies,161
290,baby,16634
291,back,32233
292,backbones,0
293,background,7580
294,backs,36
295,bacteria,815
296,bacterial,5209
297,bacterium,1376
298,bad,8741
299,bag,13610
300,bags,205
301,baker,1573
302,bakes,9
303,baking,702
304,balance,5796
305,balanced,450
306,baleen,388
307,ball,20090
308,balloon,2571
309,balloons,41
310,balls,211
311,balsam,682
312,band,12353
313,bands,202
314,bank,16566
315,banks,282
316,bar,15473
317,bare,2121
318,bark,3544
319,barometer,367
320,barrier,3284
321,barriers,49
322,bars,319
323,basalt,369
324,base,23948
325,baseball,5691
326,based,1157
327,basic,8384
328,basin,2329
329,basins,4
330,basketball,4886
331,basketballs,1
332,bass,7213
333,batter,689
334,batteries,160
335,battery,7873
336,batterypowered,11
337,bay,33390
338,bb,475
339,beach,14843
340,beads,408
341,beaker,225
342,beakers,1
343,beams,57
344,bear,9029
345,bears,543
346,beating,107
347,beautiful,42202
348,beavers,210
349,became,1531
350,become,3530
351,becomes,1659
352,becoming,904
353,bed,11728
354,bedroom,3678
355,bees,117
356,began,166
357,begging,24
358,begin,209
359,beginning,719
360,begins,116
361,behaves,36
362,behavior,2578
363,behavioral,1149
364,behaviors,32
365,believe,269
366,believed,354
367,believes,69
368,belonged,2
369,belt,6435
370,belts,40
371,ben,1511
372,bend,1779
373,beneath,851
374,beneficial,3687
375,benefit,2349
376,benefited,0
377,benefits,359
378,bernice,2
379,beryllium,180
380,best,46962
381,betacarotene,5
382,betsy,7
383,better,158344
384,biased,179
385,bicycle,2644
386,bicyclists,0
387,big,54265
388,bigger,16772
389,bike,7213
390,bikes,129
391,bile,7513
392,bill,8979
393,billions,3
394,bills,92
395,bin,2175
396,bind,187
397,binding,712
398,biodiversity,140
399,biofuel,58
400,biogas,18
401,biological,3000
402,biologist,1362
403,biology,2008
404,bioluminescence,31
405,biomass,954
406,biomes,1
407,biomolecule,0
408,biosphere,192
409,biotechnology,142
410,bird,21315
411,birds,1797
412,birth,5014
413,bison,621
414,bites,82
415,black,79659
416,blackandwhite,152
417,bladder,1617
418,blanket,1988
419,blend,519
420,blender,755
421,blindness,164
422,blink,1060
423,block,10425
424,blocks,154
425,blog,3623
426,blood,30325
427,bloodstream,7180
428,bloom,1456
429,blooms,69
430,blow,4775
431,blowing,1234
432,blows,58
433,blue,71633
434,board,17084
435,boards,178
436,boat,9171
437,boats,201
438,bodies,443
439,body,112575
440,boil,238
441,boiling,246
442,boils,19
443,bolt,2961
444,bond,8574
445,bonds,90
446,bone,134310
447,bones,462
448,bonfire,23
449,book,35322
450,books,1531
451,boots,212
452,born,1709
453,boron,326
454,boston,1656
455,bottle,5374
456,bottled,1153
457,bottles,57
458,bottom,7927
459,boulder,796
460,boulders,9
461,bounce,235
462,bounces,17
463,boundaries,47
464,boundary,3987
465,bowl,5286
466,bowling,868
467,bowlshaped,53
468,box,20728
469,boy,26806
470,br,113
471,brackish,276
472,brain,30012
473,brakes,162
474,braking,173
475,branch,7312
476,branches,487
477,brand,9717
478,brands,220
479,brazilians,6
480,bread,5390
481,breads,32
482,break,6128
483,breakdown,301
484,breaking,329
485,breaks,162
486,breath,1755
487,breathe,43
488,breathes,3
489,breathing,694
490,breed,1327
491,breeding,651
492,brianna,22
493,brick,4002
494,bridge,20493
495,bridges,105
496,bright,15073
497,brightly,122
498,brightness,445
499,bring,141
500,brings,97
501,brittle,1593
502,broader,1520
503,broke,83
504,broken,294
505,bromide,378
506,bromine,198
507,broom,994
508,brothers,251
509,brought,171
510,brown,29355
511,brush,4128
512,brushing,52
513,bubbles,48
514,bubbling,39
515,bucket,1651
516,buds,65
517,build,4372
518,building,19916
519,buildings,428
520,builds,72
521,buildup,477
522,built,1009
523,buisson,0
524,bulb,4298
525,bulbs,343
526,bulldozer,143
527,bulletproof,124
528,bumped,3
529,bundle,9053
530,bundles,21
531,bunsen,37
532,buoyancy,70
533,buoyant,740
534,burial,793
535,buried,84
536,burn,1030
537,burned,128
538,burner,2190
539,burning,980
540,burns,216
541,bury,31
542,burying,59
543,bus,9447
544,buses,49
545,bush,11745
546,businesses,347
547,busy,4873
548,butter,3648
549,butterflies,105
550,butterfly,4355
551,button,9475
552,buy,2070
553,buying,778
554,buzzing,9
555,c,3467
556,cabin,3572
557,cacti,71
558,cactus,1329
559,cajon,1
560,cake,4774
561,calcium,2644
562,calculate,79
563,calculated,137
564,calculation,552
565,calculator,1608
566,california,4264
567,call,14250
568,called,474
569,calories,70
570,cambium,30
571,came,296
572,camera,10504
573,camouflage,654
574,camp,8814
575,camper,920
576,campfire,672
577,camping,1049
578,campsites,1
579,campus,4502
580,canada,3165
581,cancel,39
582,cancer,5052
583,cancerous,228
584,candle,4134
585,candles,671
586,candy,3877
587,cans,24
588,cantaloupe,87
589,canyon,2653
590,cap,7129
591,capable,4546
592,capacity,8326
593,capillaries,16
594,caps,159
595,captivity,75
596,capture,2529
597,captures,9
598,capturing,31
599,car,33463
600,carbohydrate,1127
601,carbohydrates,98
602,carbon,5908
603,carbonate,725
604,carbonnitrogen,0
605,carburetor,382
606,cardboard,1180
607,cardinals,21
608,carefully,83
609,cargo,3316
610,caribbean,848
611,carnivores,5
612,carp,2098
613,carpet,5706
614,carpeted,51
615,carpool,26
616,carpooling,4
617,carried,225
618,carriers,111
619,carries,216
620,carrots,25
621,carry,667
622,carrying,658
623,cars,777
624,cart,2940
625,carton,617
626,cast,4313
627,cat,14727
628,catcher,1977
629,catches,21
630,categorize,6
631,categorized,39
632,caterpillar,1570
633,caterpillars,23
634,cats,444
635,cattle,2757
636,cause,6252
637,caused,780
638,causes,622
639,causing,311
640,cavities,56
641,ceiling,3863
642,cell,180676
643,cellcycle,0
644,cells,925
645,cellular,2231
646,celsius,65
647,cementation,3
648,center,37464
649,centers,90
650,centimeter,135
651,centimeters,25
652,central,27062
653,centuries,136
654,century,1847
655,cereals,34
656,certain,11243
657,ch,61
658,chain,8663
659,chains,132
660,challenge,915
661,challenged,14
662,chameleon,2163
663,chameleons,12
664,chance,3379
665,chances,19
666,change,19507
667,changed,112
668,changes,541
669,changing,169
670,channels,135
671,chant,68
672,characteristic,2616
673,characteristics,211
674,characterize,18
675,characterizes,4
676,charcoal,2581
677,charge,9879
678,charged,132
679,charles,671
680,charlie,135
681,chart,4679
682,charts,130
683,cheaper,20560
684,check,9751
685,checked,5
686,checking,151
687,cheek,22966
688,cheese,4242
689,chemical,9214
690,chemically,75
691,chemicals,212
692,chemist,1514
693,cherry,3947
694,chewing,150
695,chicken,9390
696,chickens,35
697,child,19678
698,children,1202
699,chill,872
700,chips,236
701,chloride,990
702,chlorine,1073
703,chlorofluorocarbons,1
704,chlorophyll,266
705,chloroplast,116
706,chloroplasts,2
707,chocolate,7226
708,cholesterol,1378
709,choose,135
710,chromatids,2
711,chromium,471
712,chromosomes,55
713,chronic,2040
714,chute,342
715,cigarettes,93
716,cilia,11
717,circle,15986
718,circuit,6399
719,circuits,61
720,circular,2978
721,circulation,1776
722,circulatory,7196
723,circumference,332
724,circumstance,334
725,circumstances,174
726,cities,420
727,citrus,1871
728,city,32209
729,cl,115
730,claim,2376
731,claims,400
732,class,11485
733,classes,218
734,classification,861
735,classifications,508
736,classified,463
737,classify,41
738,classmate,134
739,classroom,4190
740,clastic,33
741,claws,95
742,clay,3513
743,clean,25031
744,cleaned,24
745,cleaner,7022
746,cleaning,2410
747,clear,36002
748,cleared,6
749,clearing,1018
750,clearly,988
751,cliff,2424
752,cliffs,106
753,climate,2012
754,climates,39
755,climb,1229
756,climbed,13
757,clippings,1
758,clock,6826
759,clockwise,34
760,close,9316
761,closed,1610
762,closely,294
763,closeness,32
764,closer,2479
765,closest,44
766,cloth,4342
767,cloud,4040
768,clouds,232
769,cloudy,988
770,clues,20
771,clump,63
772,clustered,250
773,clusters,581
774,cm,227
775,co,915
776,coaccretion,0
777,coagulation,339
778,coal,5123
779,coalburning,3
780,coalpowered,0
781,coast,7988
782,coastal,2995
783,coastline,746
784,coastlines,1
785,coat,6345
786,coated,722
787,coating,2895
788,code,6297
789,coded,297
790,codons,0
791,coffee,9240
792,coil,2300
793,coils,31
794,coin,1836
795,coins,228
796,cold,25714
797,coldblooded,10
798,colder,1409
799,coldest,9
800,collapsed,32
801,collapses,2
802,collars,11
803,collect,144
804,collected,123
805,collecting,199
806,collects,57
807,college,13473
808,collide,2
809,collides,2
810,collision,536
811,colony,2145
812,color,175212
813,colored,1963
814,colorful,9070
815,coloring,3253
816,colorless,1189
817,colors,872
818,column,5516
819,columns,126
820,comb,944
821,combination,1283
822,combinations,54
823,combine,2655
824,combined,181
825,combining,118
826,combustion,1468
827,come,13752
828,comes,214
829,comet,626
830,comets,8
831,comfortable,10893
832,commensalism,1
833,commercial,21901
834,commercials,21
835,commission,971
836,common,101729
837,communicate,32
838,communicating,11063
839,communication,4995
840,communities,334
841,community,20874
842,compaction,32
843,companies,623
844,company,12366
845,compare,209
846,compared,10
847,compares,8
848,comparing,56
849,comparison,1346
850,compass,1198
851,compete,150
852,competition,2945
853,competitors,44
854,complementary,638
855,complete,49451
856,completed,177
857,completely,192
858,completing,11
859,complex,45025
860,component,11028
861,components,324
862,composed,207
863,composition,3363
864,compositions,26
865,compost,720
866,composting,81
867,compound,4427
868,compounds,227
869,compress,418
870,compressed,609
871,compressional,21
872,computer,27315
873,computers,369
874,concentrate,897
875,concentrated,1120
876,concentration,1862
877,concentrations,23
878,concern,845
879,concerned,1357
880,concerning,103
881,concerns,104
882,conclude,24
883,concluded,4
884,conclusion,855
885,conclusions,22
886,concrete,6412
887,condensation,482
888,condense,41
889,condensed,148
890,condensing,52
891,condition,3727
892,conditioner,1065
893,conditioning,409
894,conditions,638
895,conduct,448
896,conducted,84
897,conducting,111
898,conduction,631
899,conductor,1674
900,conducts,67
901,confident,2000
902,conflict,1084
903,conformity,155
904,confused,97
905,conjugate,350
906,connected,323
907,connective,834
908,consequence,2370
909,consequences,125
910,conservation,979
911,conserve,93
912,conserved,230
913,conserves,9
914,conserving,14
915,consider,214
916,considerable,4989
917,considerably,5080
918,considered,3961
919,considering,30
920,consist,9
921,consistent,10026
922,consists,135
923,constant,4044
924,constantly,103
925,constellation,646
926,constellations,7
927,construct,134
928,constructed,90
929,constructing,23
930,construction,10766
931,consume,49
932,consumed,21
933,consumer,5327
934,consumers,55
935,consumes,21
936,contact,7042
937,contain,374
938,contained,404
939,container,4545
940,containers,62
941,containing,1209
942,contains,794
943,contaminate,29
944,contaminated,511
945,contaminates,4
946,content,12366
947,contents,370
948,contest,536
949,continent,1042
950,continental,1341
951,continents,19
952,continually,30
953,continue,207
954,continued,207
955,continues,102
956,continuing,142
957,continuous,2314
958,continuously,48
959,contracted,14
960,contracts,102
961,contribute,47
962,contributed,79
963,control,29156
964,controlling,211
965,controls,377
966,convection,870
967,convergent,117
968,converging,28
969,convert,968
970,converted,82
971,converting,103
972,converts,77
973,cooking,1651
974,cool,16006
975,cooled,109
976,cooler,4725
977,cooling,2804
978,cools,15
979,coolseason,0
980,cooperative,973
981,cooperativeness,4
982,copper,6404
983,coral,11523
984,corals,49
985,cord,10924
986,cords,59
987,core,6989
988,coriolis,16
989,cork,1334
990,corn,5259
991,cornfields,3
992,cornu,11
993,corporation,5738
994,correct,3581
995,correctly,88
996,cost,11562
997,costs,218
998,cotton,10409
999,could,4074
1000,count,3379
1001,counter,6873
1002,countries,591
1003,couple,4593
1004,course,18340
1005,cover,14824
1006,covered,497
1007,covering,4365
1008,covers,352
1009,cow,5904
1010,cows,85
1011,coyote,1936
1012,coyotes,0
1013,crack,3541
1014,cracking,35
1015,cracks,51
1016,crater,748
1017,craters,5
1018,crawls,4
1019,cream,7172
1020,create,416
1021,created,558
1022,creates,95
1023,creating,139
1024,creative,8668
1025,creatures,153
1026,credit,7006
1027,crew,1397
1028,cricket,4233
1029,crickets,11
1030,criminal,4091
1031,critical,20890
1032,crop,2817
1033,crops,121
1034,cross,17012
1035,crossbred,32
1036,crossed,101
1037,crosspollination,2
1038,crumpled,8
1039,crushed,187
1040,crushes,3
1041,crushing,83
1042,crust,1236
1043,crustal,107
1044,crystal,7755
1045,crystallike,0
1046,crystallization,216
1047,crystals,220
1048,cu,67
1049,cube,831
1050,cubes,27
1051,cubic,1228
1052,culture,9628
1053,cup,6530
1054,cups,80
1055,curly,1185
1056,current,43650
1057,currents,90
1058,curved,334
1059,custom,24860
1060,customer,7540
1061,customers,385
1062,cut,10557
1063,cuts,245
1064,cutting,1063
1065,cycle,7671
1066,cycles,53
1067,cylinder,2281
1068,cytoplasm,17056
1069,cytosine,60
1070,daily,15169
1071,dairy,2380
1072,dam,2333
1073,damage,1591
1074,damages,281
1075,damp,822
1076,dams,21
1077,dangerous,14763
1078,dangers,26
1079,dark,17141
1080,data,12897
1081,date,7719
1082,david,895
1083,day,14752
1084,daylight,903
1085,days,1106
1086,daytime,641
1087,dc,1268
1088,dcell,0
1089,ddt,150
1090,dead,14549
1091,dealing,209
1092,death,10360
1093,deaths,59
1094,debris,875
1095,decades,16
1096,decay,1491
1097,decaying,68
1098,decays,7
1099,december,516
1100,decibels,3
1101,decide,55
1102,decided,7
1103,decides,1
1104,deciduous,1087
1105,decimating,0
1106,decline,2048
1107,declines,12
1108,decompose,5
1109,decomposed,22
1110,decomposer,4
1111,decomposers,0
1112,decomposing,16
1113,decomposition,838
1114,decorative,1889
1115,decrease,1825
1116,decreased,21
1117,decreases,39
1118,decreasing,70
1119,deep,18763
1120,deeper,2874
1121,deeperrooted,0
1122,deeprooted,33
1123,deer,5734
1124,defense,7524
1125,defined,252
1126,definite,710
1127,definition,1330
1128,deflect,1
1129,defoliation,83
1130,deforestation,68
1131,deforested,1
1132,degradation,217
1133,degrees,208
1134,delays,29
1135,delete,155
1136,deliberately,101
1137,delivers,100
1138,delta,1821
1139,deltas,0
1140,demand,8903
1141,demonstrate,31
1142,demonstrated,55
1143,demonstrates,11
1144,demonstration,398
1145,den,2315
1146,dennis,41
1147,dense,4854
1148,denser,510
1149,densities,6
1150,density,2292
1151,department,9385
1152,depend,12
1153,dependent,11342
1154,depends,41
1155,deplete,46
1156,depleted,64
1157,depleting,2
1158,depletion,133
1159,deposited,70
1160,depositing,12
1161,deposition,902
1162,deposits,124
1163,depressions,6
1164,depth,3291
1165,depths,19
1166,derek,57
1167,desalination,146
1168,descendants,37
1169,descended,47
1170,describe,68
1171,described,102
1172,describes,36
1173,describing,86
1174,description,1231
1175,descriptions,47
1176,desert,4245
1177,desertlike,0
1178,design,32102
1179,designed,1314
1180,designing,54
1181,designs,533
1182,desirable,3385
1183,desktop,6897
1184,destroy,116
1185,destroyed,89
1186,destruction,537
1187,destructive,4380
1188,detail,1213
1189,detailed,2315
1190,details,288
1191,detect,131
1192,detector,2687
1193,detects,42
1194,determination,235
1195,determine,182
1196,determined,133
1197,determines,41
1198,determining,72
1199,deters,1
1200,detroit,491
1201,develop,418
1202,developed,1312
1203,developing,349
1204,development,22649
1205,develops,132
1206,device,14544
1207,devil,3763
1208,devils,1130
1209,dew,572
1210,dftd,0
1211,diagram,1934
1212,diagrams,14
1213,dialysis,181
1214,diameter,1528
1215,diamonds,442
1216,diaphragm,7693
1217,die,3839
1218,died,247
1219,diesel,5056
1220,diet,7646
1221,diets,106
1222,difference,2190
1223,differences,82
1224,different,91355
1225,differentiate,1
1226,differentiation,954
1227,differently,51
1228,differentsized,0
1229,differs,20
1230,difficult,15984
1231,difficulty,444
1232,dig,842
1233,digested,7
1234,digesting,9
1235,digestion,542
1236,digestive,22025
1237,digests,7
1238,digging,73
1239,dilute,602
1240,dim,408
1241,dimensional,1033
1242,diminishes,5
1243,dimples,2
1244,dinosaur,1611
1245,dinosaurs,98
1246,dioxide,1219
1247,dip,1824
1248,direct,40363
1249,directing,39
1250,direction,6980
1251,directions,356
1252,directly,216
1253,dirt,2990
1254,dirty,10516
1255,disadvantage,208
1256,disappear,14
1257,disappearance,45
1258,disappeared,23
1259,disappearing,54
1260,disasters,207
1261,discard,287
1262,discontinue,3
1263,discourage,7
1264,discovered,349
1265,discoveries,55
1266,discovering,20
1267,discovers,7
1268,discovery,727
1269,discuss,59
1270,discussed,21
1271,discussing,14
1272,discussion,2924
1273,disease,3569
1274,diseases,318
1275,dish,5268
1276,disinfectant,366
1277,disinfecting,17
1278,disinfection,59
1279,disks,81
1280,dispersal,78
1281,dispersing,14
1282,displaced,630
1283,display,10658
1284,displays,116
1285,disposable,2095
1286,disposal,1677
1287,dispose,10
1288,disposing,27
1289,disproof,7
1290,disprove,0
1291,disproved,7
1292,disregarded,2
1293,disrupted,4
1294,disruption,83
1295,dissecting,17
1296,dissipate,14
1297,dissolve,54
1298,dissolved,126
1299,dissolves,13
1300,dissolving,39
1301,distance,7156
1302,distances,78
1303,distant,1544
1304,distilled,212
1305,distinctive,1060
1306,distinguish,43
1307,distinguishes,3
1308,distracted,0
1309,distribution,2482
1310,disturb,15
1311,diverge,11
1312,divergent,740
1313,diverging,17
1314,diverse,2432
1315,diversity,643
1316,divide,1098
1317,divided,320
1318,dividing,192
1319,diving,1882
1320,division,1804
1321,dna,4202
1322,doctor,8876
1323,doctors,121
1324,documents,250
1325,dog,24459
1326,dogma,182
1327,dogs,539
1328,dogwood,343
1329,dolphins,72
1330,domains,114
1331,domestic,23565
1332,dominance,829
1333,dominant,7007
1334,dominic,17
1335,donate,43
1336,donated,28
1337,done,827
1338,door,14939
1339,doorbell,152
1340,doppler,195
1341,dormancy,17
1342,dormant,994
1343,dose,4192
1344,double,16681
1345,doubled,15
1346,dough,1132
1347,downhill,652
1348,downriver,3
1349,downstream,525
1350,downward,640
1351,drains,53
1352,drank,17
1353,draw,2883
1354,drawn,155
1355,drier,430
1356,drift,1232
1357,drifted,0
1358,drill,3327
1359,drink,4761
1360,drinking,3509
1361,dripped,3
1362,drive,15364
1363,driven,321
1364,drivers,316
1365,driveway,790
1366,driving,1726
1367,drop,5767
1368,droplets,10
1369,dropped,89
1370,drops,175
1371,drought,216
1372,drove,417
1373,drug,18867
1374,drummer,870
1375,drums,67
1376,dry,23959
1377,dryer,1235
1378,drying,519
1379,duck,6635
1380,due,2752
1381,dump,1644
1382,dune,1059
1383,dunes,63
1384,duplicating,12
1385,dust,3529
1386,dwarf,4107
1387,dwarfism,10
1388,dwellers,0
1389,dynamic,5272
1390,dysentery,46
1391,eagles,273
1392,ear,26992
1393,earlier,3668
1394,earlobe,62
1395,earlobes,0
1396,early,8817
1397,ears,652
1398,earth,6768
1399,earthmoonsun,0
1400,earthquake,1489
1401,earthquakes,47
1402,earthsunmoon,0
1403,earthworms,8
1404,ease,129
1405,easier,7253
1406,easily,376
1407,east,9269
1408,eastern,10221
1409,eastward,99
1410,easy,51330
1411,eat,298
1412,eaten,191
1413,eating,2340
1414,eats,147
1415,eclipse,426
1416,eclipses,3
1417,ecological,1088
1418,ecologists,1
1419,economic,9245
1420,ecosystem,399
1421,ecosystems,23
1422,edge,8570
1423,edison,92
1424,editor,7116
1425,effect,15647
1426,effective,75939
1427,effects,1844
1428,efficiency,2159
1429,efficient,29895
1430,efficiently,30
1431,efforts,91
1432,egg,5487
1433,eggs,280
1434,eggshell,160
1435,egyptians,17
1436,eight,3493
1437,either,1073
1438,el,332
1439,electric,20300
1440,electrical,5978
1441,electrically,32
1442,electricians,2
1443,electricity,3415
1444,electrodes,35
1445,electromagnetic,977
1446,electron,2455
1447,electronics,944
1448,electrons,120
1449,element,11895
1450,elements,620
1451,elephants,57
1452,elevation,1607
1453,elevations,15
1454,elevator,1690
1455,elevenyearold,0
1456,eliminate,42
1457,eliminated,12
1458,eliminates,17
1459,eliminating,9
1460,elk,834
1461,else,312
1462,embryo,819
1463,embryonic,640
1464,embryos,17
1465,emerge,118
1466,emergencies,18
1467,emission,4062
1468,emissions,369
1469,emit,75
1470,emitted,53
1471,empty,5282
1472,enable,89
1473,enabled,31
1474,enables,71
1475,encircles,6
1476,encoder,90
1477,encountering,3
1478,encounters,52
1479,encourages,20
1480,end,28811
1481,endangered,48
1482,endocrine,14604
1483,endothermic,31
1484,ends,432
1485,energy,19098
1486,energyproducing,5
1487,energysaving,0
1488,engine,14443
1489,engineer,9865
1490,engineers,136
1491,engines,156
1492,england,5775
1493,engulf,12
1494,enhanced,146
1495,enormous,1945
1496,enough,2746
1497,ensure,30
1498,ensures,13
1499,enter,178
1500,entered,91
1501,entering,76
1502,enters,77
1503,entire,7701
1504,entirely,127
1505,environment,14573
1506,environmental,6319
1507,environmentally,153
1508,environments,96
1509,enzyme,2014
1510,enzymes,81
1511,epidemic,262
1512,epidermis,7158
1513,epithelial,11632
1514,equal,11222
1515,equally,87
1516,equals,59
1517,equation,386
1518,equations,41
1519,equator,337
1520,equatorial,651
1521,equilibrium,1550
1522,equinox,156
1523,equipment,13611
1524,eroded,10
1525,erodes,0
1526,eroding,2
1527,erosion,1070
1528,error,2828
1529,errors,127
1530,erupted,28
1531,eruption,194
1532,eruptions,18
1533,escaping,21
1534,esophagus,7204
1535,especially,3591
1536,essential,6402
1537,established,348
1538,establishing,39
1539,establishment,2442
1540,estimate,2146
1541,estimated,229
1542,estimating,26
1543,estuaries,15
1544,estuary,431
1545,ethan,13
1546,ethane,43
1547,ethanol,1519
1548,ethanolgasoline,0
1549,ethical,1284
1550,euglena,56
1551,euglenas,0
1552,eukarya,0
1553,eukaryote,132
1554,eukaryotic,283
1555,europa,69
1556,evaluate,23
1557,evaluating,10
1558,evaporate,37
1559,evaporated,54
1560,evaporates,21
1561,evaporating,21
1562,evaporation,463
1563,even,35092
1564,evening,2106
1565,evenly,37
1566,event,18191
1567,events,1446
1568,eventually,225
1569,ever,394
1570,evergreen,1971
1571,every,3294
1572,everyone,86
1573,everywhere,106
1574,evidence,1788
1575,evolution,3171
1576,evolved,60
1577,evolving,71
1578,exact,1524
1579,exactly,133
1580,examination,785
1581,examine,32
1582,examined,9
1583,examining,69
1584,example,5297
1585,examples,87
1586,excellent,3273
1587,except,229
1588,excess,2400
1589,exchange,7806
1590,exclude,39
1591,excluded,32
1592,excrete,3
1593,excretory,102
1594,exercise,3468
1595,exercising,32
1596,exert,16
1597,exerted,29
1598,exerts,12
1599,exfoliation,144
1600,exist,940
1601,existed,28
1602,existing,773
1603,exists,78
1604,exothermic,40
1605,expand,129
1606,expanded,61
1607,expands,49
1608,expect,407
1609,expected,735
1610,expel,12
1611,expensive,103115
1612,experience,4301
1613,experienced,975
1614,experiences,174
1615,experiment,531
1616,experimental,2354
1617,experimentation,99
1618,experimenting,3
1619,experiments,54
1620,explain,86
1621,explaining,19
1622,explains,33
1623,explanation,749
1624,explanations,7
1625,exploded,21
1626,exploding,36
1627,explore,36
1628,exposed,482
1629,exposure,5904
1630,expressing,103
1631,expression,6231
1632,extensive,4978
1633,extensively,58
1634,external,5935
1635,extinct,426
1636,extinction,674
1637,extinctions,0
1638,extinguished,11
1639,extinguisher,271
1640,extra,9337
1641,extracted,68
1642,extrasolar,26
1643,extreme,5162
1644,extremely,390
1645,extrusive,18
1646,eye,46290
1647,eyeglass,1176
1648,eyeglasses,51
1649,eyes,1183
1650,eyesight,76
1651,eyespot,57
1652,f,902
1653,fabry,0
1654,faces,350
1655,facial,37765
1656,facilitate,35
1657,facilitates,18
1658,fact,7828
1659,factor,4797
1660,factories,9
1661,factors,409
1662,facts,604
1663,fade,194
1664,fading,65
1665,fair,17042
1666,fairly,153
1667,fall,8543
1668,fallen,125
1669,falling,244
1670,falls,814
1671,families,348
1672,family,19862
1673,fan,11229
1674,far,33966
1675,farm,12229
1676,farmer,4175
1677,farmers,222
1678,farmland,448
1679,farms,126
1680,farther,1426
1681,farthest,148
1682,fast,51630
1683,faster,11576
1684,fastest,102
1685,fat,28706
1686,father,7549
1687,fatigue,282
1688,fats,174
1689,faucet,795
1690,faucets,11
1691,faulting,76
1692,faults,24
1693,favored,311
1694,favorite,6281
1695,fear,1429
1696,feathers,117
1697,feature,31221
1698,features,1037
1699,fed,1089
1700,feed,5339
1701,feeding,2227
1702,feeds,176
1703,feel,5528
1704,feels,705
1705,feet,1882
1706,felipe,2
1707,fell,141
1708,felt,2240
1709,female,25075
1710,females,136
1711,fence,3934
1712,fern,5018
1713,fernandez,2
1714,ferris,37
1715,fertile,2679
1716,fertilization,82
1717,fertilized,27
1718,fertilizer,1278
1719,fertilizers,22
1720,fetus,712
1721,fever,827
1722,fewer,778
1723,fibers,286
1724,fibrous,11478
1725,field,24718
1726,fields,488
1727,fierce,677
1728,fifth,1821
1729,figure,19104
1730,filaments,43
1731,file,26688
1732,filings,7
1733,fill,2686
1734,filled,467
1735,filling,1920
1736,fills,33
1737,filter,8072
1738,filtered,164
1739,filterpaper,0
1740,filtration,1110
1741,final,3505
1742,finally,201
1743,financial,6317
1744,find,1247
1745,finding,530
1746,findings,109
1747,finds,162
1748,fine,10862
1749,finger,11895
1750,fingerprints,12
1751,finish,7486
1752,finished,336
1753,finishing,340
1754,fins,128
1755,fir,1551
1756,fire,15809
1757,fires,124
1758,fireworks,133
1759,first,147851
1760,firstaid,12
1761,firstlevel,0
1762,fish,22446
1763,fisheries,120
1764,fishing,3551
1765,fission,592
1766,fit,17384
1767,five,8159
1768,fixation,664
1769,fixed,1690
1770,flagellum,888
1771,flame,3273
1772,flammable,762
1773,flares,9
1774,flash,4513
1775,flashlight,1328
1776,flat,11804
1777,flats,102
1778,flattened,146
1779,flawed,207
1780,flew,27
1781,flexibility,289
1782,flexible,13458
1783,flickers,4
1784,flies,162
1785,flight,10230
1786,flipping,32
1787,float,1789
1788,floating,814
1789,floats,23
1790,flood,2580
1791,flooded,60
1792,flooding,146
1793,floor,14431
1794,floors,73
1795,florida,3862
1796,flosses,0
1797,flossing,5
1798,flour,2721
1799,flourish,380
1800,flow,11871
1801,flower,10069
1802,flowering,1163
1803,flowers,6078
1804,flowing,111
1805,flows,458
1806,fluctuate,4
1807,fluctuations,20
1808,fluid,16466
1809,fluids,108
1810,fluorescent,2606
1811,fluorine,164
1812,fly,10771
1813,flying,5155
1814,foam,3991
1815,focused,186
1816,focuses,23
1817,fog,1346
1818,folded,224
1819,folding,335
1820,follow,240
1821,followed,499
1822,following,410
1823,follows,101
1824,food,33064
1825,foods,833
1826,football,10198
1827,footprint,212
1828,force,16370
1829,forces,958
1830,forecast,1578
1831,forecasting,236
1832,foreign,12066
1833,forest,7819
1834,forested,71
1835,forests,149
1836,fork,2354
1837,form,23219
1838,formation,3639
1839,formations,27
1840,formed,775
1841,forming,461
1842,forms,949
1843,formula,1387
1844,formulating,16
1845,forth,155
1846,forward,3048
1847,fossil,2170
1848,fossilization,8
1849,fossilized,17
1850,fossils,23
1851,found,2630
1852,four,10463
1853,fourchambered,0
1854,fourmonth,0
1855,fox,8009
1856,fractured,38
1857,fracturing,6
1858,freckles,2
1859,free,208359
1860,freely,96
1861,freeze,1359
1862,freezer,1277
1863,freezes,10
1864,freezing,707
1865,frequencies,84
1866,frequency,3477
1867,frequent,6967
1868,fresh,24802
1869,freshwater,2872
1870,friction,1314
1871,frictional,87
1872,frictionless,17
1873,friend,6940
1874,friendly,7713
1875,friends,1180
1876,frog,8203
1877,frogs,112
1878,front,20177
1879,frosted,534
1880,frozen,446
1881,fruit,10227
1882,fruits,624
1883,frying,218
1884,ft,213
1885,fuel,10612
1886,fueled,19
1887,fuelefficient,0
1888,fueling,26
1889,fuels,103
1890,full,75817
1891,fully,315
1892,function,3144
1893,functioning,277
1894,functions,330
1895,fungi,555
1896,fungus,2229
1897,funnel,551
1898,fur,3676
1899,furniture,9904
1900,fuses,15
1901,fusion,2682
1902,future,18809
1903,fwc,0
1904,g,1054
1905,gabbro,35
1906,gain,2280
1907,gained,93
1908,gains,99
1909,galaxies,36
1910,galaxy,900
1911,galilei,3
1912,galileo,103
1913,gallbladder,10146
1914,gallons,14
1915,gamete,107
1916,gametes,37
1917,gametophyte,64
1918,garbage,2381
1919,garcia,9
1920,garden,13670
1921,gardens,271
1922,gas,18424
1923,gaseous,826
1924,gases,237
1925,gasoline,3747
1926,gasolinefueled,0
1927,gasolinepowered,0
1928,gather,612
1929,gathered,97
1930,gauge,3127
1931,gauges,21
1932,gave,180
1933,gcm,12
1934,gemini,635
1935,gene,1944
1936,general,108421
1937,generally,13231
1938,generate,226
1939,generated,118
1940,generation,7675
1941,generations,102
1942,generous,3209
1943,genes,111
1944,genetic,2620
1945,genetically,237
1946,genome,420
1947,genotype,194
1948,genotypes,0
1949,genus,21629
1950,geode,91
1951,geographic,1095
1952,geographical,954
1953,geographically,40
1954,geologic,413
1955,geological,560
1956,geologist,1265
1957,geologists,2
1958,geology,201
1959,georgia,605
1960,geothermal,360
1961,germination,237
1962,get,1743
1963,gets,896
1964,getting,386
1965,giant,10982
1966,giants,46
1967,gibbous,11
1968,gill,490
1969,gills,107
1970,girl,34500
1971,girls,4804
1972,giselle,3
1973,give,846
1974,given,793
1975,gives,442
1976,giving,503
1977,glacial,512
1978,glaciation,87
1979,glacier,973
1980,glaciers,13
1981,glands,145
1982,glass,19186
1983,glasses,127
1984,glassware,449
1985,global,4928
1986,globe,1916
1987,glories,3
1988,gloves,98
1989,glowed,0
1990,glucose,1255
1991,glue,1468
1992,glycerol,178
1993,gml,4
1994,go,1481
1995,goat,4350
1996,goats,130
1997,goes,850
1998,goggles,94
1999,going,1702
2000,gold,20046
2001,golden,16372
2002,goldfish,484
2003,gone,49
2004,good,363682
2005,got,399
2006,gradual,953
2007,gradually,86
2008,graduated,114
2009,grains,182
2010,gram,384
2011,grams,54
2012,granite,1966
2013,granulated,112
2014,granules,24
2015,grape,2631
2016,graph,642
2017,graphs,16
2018,grass,8375
2019,grasses,182
2020,grasshopper,1586
2021,grassland,589
2022,grasslands,43
2023,grassy,460
2024,gravel,1037
2025,gravitational,587
2026,gravity,1991
2027,gray,5159
2028,grazing,932
2029,great,76582
2030,greater,32443
2031,greatest,9883
2032,greatly,107
2033,greece,992
2034,greeks,59
2035,green,35772
2036,greener,458
2037,greenhouse,1907
2038,greta,7
2039,grew,205
2040,grilling,140
2041,grinding,306
2042,grocery,2413
2043,ground,13525
2044,groundwater,348
2045,group,41703
2046,grouped,20
2047,groups,732
2048,grouse,2849
2049,grow,1403
2050,growing,612
2051,grown,1138
2052,grows,343
2053,growth,15258
2054,guanine,127
2055,guess,943
2056,guide,8829
2057,guinea,2408
2058,gulf,2561
2059,gull,1536
2060,gum,13971
2061,gymnasium,438
2062,h,726
2063,habit,2948
2064,habitat,3040
2065,habitats,80
2066,habits,95
2067,hail,464
2068,hailstorm,47
2069,hair,14170
2070,hairs,154
2071,half,5231
2072,halve,0
2073,hammer,1714
2074,hand,30655
2075,handle,4680
2076,hands,1017
2077,handwriting,208
2078,happen,96
2079,happened,31
2080,happens,84
2081,hard,30118
2082,hardest,22
2083,hardness,181
2084,hardware,7471
2085,harm,1358
2086,harmed,2
2087,harmful,4714
2088,harnessing,3
2089,harsh,2059
2090,hartley,19
2091,harvest,3023
2092,harvested,71
2093,hat,6777
2094,hatch,882
2095,hatching,139
2096,hawaii,374
2097,hawk,5800
2098,hawks,45
2099,hay,1554
2100,hazardous,3049
2101,hcl,28
2102,headaches,1
2103,heading,1361
2104,heal,107
2105,heals,21
2106,health,11767
2107,healthier,2304
2108,healthy,11437
2109,hear,143
2110,heard,123
2111,hearing,13554
2112,heart,25069
2113,heat,8002
2114,heated,191
2115,heater,2407
2116,heating,3559
2117,heats,21
2118,heavier,4469
2119,heavy,40471
2120,height,1613
2121,heights,210
2122,held,394
2123,helens,6
2124,helium,866
2125,heliumfilled,0
2126,helmet,2360
2127,help,6754
2128,helped,113
2129,helpful,4203
2130,helps,247
2131,hematite,282
2132,hemisphere,22995
2133,henri,32
2134,herbicides,5
2135,herbivore,360
2136,herbivores,0
2137,herd,202
2138,heredity,142
2139,herring,1674
2140,heterotroph,28
2141,heterotrophs,0
2142,heterozygous,122
2143,hibernate,22
2144,hibernation,30
2145,hidden,938
2146,hide,1408
2147,high,103613
2148,higher,42043
2149,highest,526
2150,highly,650
2151,highpressure,0
2152,hill,8813
2153,hills,1034
2154,hillside,615
2155,himalayas,58
2156,hind,1752
2157,hire,1452
2158,history,4262
2159,hit,6355
2160,hitting,201
2161,hold,5402
2162,holding,842
2163,holds,452
2164,hole,8178
2165,holes,239
2166,hollow,2767
2167,home,44970
2168,homeostasis,4
2169,homes,792
2170,homework,251
2171,homologous,81
2172,homozygous,147
2173,horizontal,6094
2174,horizontally,38
2175,hormone,2267
2176,horse,17028
2177,horses,599
2178,horseshoe,2080
2179,hospitals,76
2180,hot,65714
2181,hotter,2003
2182,hottest,48
2183,hour,2724
2184,hourly,451
2185,hours,335
2186,house,38453
2187,household,3015
2188,houseplant,161
2189,houses,411
2190,however,3273
2191,human,22965
2192,humans,337
2193,humid,732
2194,humidity,368
2195,humus,121
2196,hundred,1902
2197,hungry,812
2198,hunt,452
2199,hunted,592
2200,hunting,2325
2201,hunts,29
2202,hurricane,1737
2203,hurricanes,29
2204,hybrid,2966
2205,hydraulic,1098
2206,hydroelectric,258
2207,hydroelectricity,29
2208,hydrogen,3893
2209,hydropower,54
2210,hydrosphere,28
2211,hydroxide,275
2212,hypotheses,10
2213,hypothesis,362
2214,hypothesized,8
2215,hypothesizes,0
2216,hzn,0
2217,ice,10118
2218,iced,264
2219,idea,3111
2220,ideas,789
2221,identical,5642
2222,identification,807
2223,identified,176
2224,identify,101
2225,igneous,203
2226,ignited,15
2227,ill,1194
2228,illness,716
2229,illuminating,90
2230,illustrated,341
2231,illustrates,1
2232,image,20735
2233,images,844
2234,imbalance,39
2235,immediately,162
2236,immune,4815
2237,immunity,272
2238,immunodeficiencies,0
2239,impact,7074
2240,impacts,35
2241,implement,756
2242,importance,228
2243,important,128059
2244,importation,238
2245,impossible,2754
2246,improve,189
2247,improved,132
2248,improves,51
2249,improving,51
2250,impulse,358
2251,impulses,57
2252,impurities,40
2253,inability,126
2254,incandescent,1225
2255,incisions,11
2256,incline,316
2257,include,656
2258,included,472
2259,includes,1046
2260,including,1522
2261,incomplete,3384
2262,inconsistent,1678
2263,increase,8409
2264,increased,208
2265,increases,204
2266,increasing,308
2267,indefinite,485
2268,independent,25654
2269,india,1273
2270,indicate,223
2271,indicated,78
2272,indicates,175
2273,indication,136
2274,indicator,3571
2275,individual,12146
2276,individuals,197
2277,indoor,3168
2278,industrial,7664
2279,industries,389
2280,industry,5151
2281,inertia,482
2282,inexhaustible,48
2283,inexpensive,2498
2284,infected,340
2285,infecting,5
2286,infection,4265
2287,infectious,1076
2288,inference,248
2289,inferred,32
2290,infiltration,528
2291,inflate,12
2292,influence,4335
2293,influenced,118
2294,influences,65
2295,inform,75
2296,information,12666
2297,informed,371
2298,infrared,1624
2299,ingredients,258
2300,inhabit,24
2301,inhabitant,1133
2302,inhabited,60
2303,inhale,41
2304,inherit,33
2305,inheritance,265
2306,inherited,150
2307,initial,12454
2308,initially,261
2309,injuries,119
2310,inland,535
2311,inner,3877
2312,inorganic,746
2313,input,7284
2314,inquiring,3
2315,inquiry,988
2316,insect,6386
2317,insecticide,461
2318,insecticides,8
2319,insects,360
2320,insert,2219
2321,inside,11537
2322,insoluble,265
2323,instead,154
2324,instructions,213
2325,instruments,301
2326,insulated,302
2327,insulation,1799
2328,insulator,366
2329,insulin,1486
2330,integumentary,56
2331,intelligence,3803
2332,intelligent,3922
2333,intended,562
2334,intense,5684
2335,intensified,6
2336,intensifies,0
2337,interact,29
2338,interacted,0
2339,interaction,5172
2340,interbreed,1
2341,interfere,7
2342,interference,1548
2343,interior,7963
2344,internal,8205
2345,internet,21050
2346,interpret,50
2347,interrupts,25
2348,intervals,69
2349,interviews,31
2350,intestine,14505
2351,intestines,85
2352,introduce,62
2353,introduced,327
2354,introduction,3236
2355,intrusive,1222
2356,invading,51
2357,invalid,1633
2358,invasion,230
2359,invasive,1562
2360,invented,124
2361,invention,1340
2362,invertebrate,452
2363,invertebrates,33
2364,investigate,16
2365,investigated,4
2366,investigates,20
2367,investigating,15
2368,investigation,586
2369,investigations,79
2370,involve,63
2371,iodine,563
2372,ion,3033
2373,irene,10
2374,iron,14298
2375,irregular,3947
2376,irregularly,21
2377,island,12288
2378,islands,8359
2379,isotope,603
2380,isotopes,26
2381,issued,184
2382,issues,1041
2383,item,15563
2384,items,991
2385,ivy,1170
2386,j,405
2387,jackrabbit,942
2388,jake,37
2389,janitor,654
2390,january,785
2391,jar,2043
2392,jars,26
2393,jaws,104
2394,jefferson,407
2395,jenny,534
2396,jeremy,58
2397,jerry,374
2398,jet,6255
2399,jetfueled,0
2400,jetpowered,0
2401,jewelry,6603
2402,jo,29
2403,jobs,1351
2404,jog,74
2405,john,8900
2406,join,278
2407,joining,75
2408,jordan,773
2409,joshua,109
2410,joules,5
2411,journal,5655
2412,juice,10856
2413,july,287
2414,jump,3269
2415,jumping,1450
2416,june,1089
2417,jupiter,416
2418,k,1216
2419,kangaroo,3130
2420,kangaroos,23
2421,kcl,8
2422,kclo,1
2423,keen,1039
2424,keep,3707
2425,keeps,167
2426,kentucky,984
2427,kept,270
2428,kernels,52
2429,keys,321
2430,kg,55
2431,kicked,16
2432,kicks,39
2433,kidney,1564
2434,kidneys,39
2435,kids,1238
2436,kill,428
2437,killed,150
2438,kills,144
2439,kilogram,62
2440,kilometer,152
2441,kilometers,43
2442,kilowatts,0
2443,kind,8699
2444,kinds,75
2445,kinetic,1380
2446,kingdom,2370
2447,kira,9
2448,kit,11710
2449,kitchen,8443
2450,kitchens,28
2451,kite,2318
2452,kitten,1577
2453,km,117
2454,kmh,1
2455,kmsec,0
2456,knife,4008
2457,knitted,171
2458,know,862
2459,knowledge,6447
2460,known,897
2461,l,926
2462,lab,5956
2463,label,6983
2464,labeled,46
2465,laboratory,6170
2466,lack,450
2467,lacks,57
2468,lactic,138
2469,laid,236
2470,lake,11242
2471,lakes,1087
2472,lamp,5481
2473,land,13706
2474,landdwelling,0
2475,landfill,964
2476,landfills,2
2477,landforms,0
2478,landing,3002
2479,lands,166
2480,landscape,5423
2481,landscaping,980
2482,landslide,35
2483,landslides,2
2484,language,7593
2485,large,113026
2486,largemouth,414
2487,larger,32375
2488,largescale,11
2489,largest,1069
2490,larva,638
2491,larval,242
2492,las,166
2493,lasers,34
2494,last,25545
2495,lasts,356
2496,late,2903
2497,later,1716
2498,latest,426
2499,latex,2499
2500,latitude,802
2501,laundry,1811
2502,lava,1089
2503,law,10303
2504,lawn,2409
2505,lawns,35
2506,laws,342
2507,lay,1433
2508,layer,8286
2509,layers,162
2510,laying,88
2511,lays,32
2512,leaching,214
2513,lead,10274
2514,leading,1581
2515,leaf,10628
2516,leafeating,4
2517,leaks,10
2518,lean,1474
2519,learn,492
2520,learned,204
2521,learning,5269
2522,learns,13
2523,least,1753
2524,leather,15069
2525,leave,568
2526,leaves,3752
2527,leaving,103
2528,led,6197
2529,left,6046
2530,leg,22614
2531,legs,1277
2532,lemon,3664
2533,lemonade,385
2534,length,8882
2535,lens,40899
2536,lenses,128
2537,leopard,2719
2538,less,71964
2539,lets,78
2540,letter,9362
2541,letting,57
2542,level,24264
2543,levels,280
2544,lever,1523
2545,library,12680
2546,lick,1260
2547,lid,12669
2548,lie,5023
2549,life,32555
2550,lifecycle,75
2551,lifting,326
2552,light,75651
2553,lightbulb,151
2554,lighter,6077
2555,lightning,2136
2556,lights,412
2557,lightweight,8125
2558,lightyear,2
2559,lightyears,2
2560,like,777
2561,likelihood,117
2562,likely,1837
2563,likes,64
2564,limbs,174
2565,lime,1778
2566,limestone,1617
2567,limit,6484
2568,limited,7544
2569,limiting,132
2570,limits,126
2571,line,35478
2572,lined,589
2573,lines,749
2574,lining,1811
2575,linked,198
2576,lion,4749
2577,lions,229
2578,lipid,783
2579,liquid,12599
2580,liquids,122
2581,lisa,78
2582,list,3661
2583,lists,79
2584,lit,141
2585,liter,85
2586,liters,19
2587,lithium,1084
2588,lithosphere,91
2589,lithospheric,14
2590,litmus,211
2591,litter,1162
2592,little,38933
2593,livable,183
2594,live,7894
2595,lived,309
2596,liver,19450
2597,lives,430
2598,livestock,1074
2599,living,1972
2600,lizard,9618
2601,load,7997
2602,local,19136
2603,located,546
2604,location,13930
2605,locations,247
2606,lodges,5
2607,log,6136
2608,loggerhead,658
2609,loggers,8
2610,logging,534
2611,long,46691
2612,longer,11246
2613,longest,95
2614,longitude,250
2615,longitudinal,537
2616,longterm,63
2617,look,4179
2618,looked,611
2619,looking,5265
2620,looks,2102
2621,loose,6031
2622,loosen,3
2623,lose,313
2624,loses,52
2625,losing,120
2626,loss,9921
2627,lost,580
2628,lot,14694
2629,lotion,1745
2630,lots,204
2631,loud,6690
2632,louisiana,433
2633,low,58898
2634,lower,30629
2635,lowered,47
2636,lowers,40
2637,lowest,390
2638,lowpressure,0
2639,lumber,1091
2640,lumps,12
2641,lunar,503
2642,lung,1852
2643,lungs,151
2644,lustrous,464
2645,lyse,0
2646,lysosome,35
2647,lysosomes,0
2648,lysozyme,69
2649,machine,18862
2650,machines,362
2651,macromolecule,118
2652,macromolecules,4
2653,made,3897
2654,magma,391
2655,magnesium,1202
2656,magnet,2705
2657,magnetic,8146
2658,magnetism,399
2659,magnetizing,0
2660,magnets,45
2661,magnification,459
2662,magnifying,137
2663,main,5796
2664,maine,464
2665,mainly,227
2666,maintain,158
2667,maintaining,50
2668,maintains,87
2669,major,57095
2670,majority,1256
2671,make,2095
2672,makes,887
2673,makeup,2013
2674,making,1485
2675,malleable,484
2676,mammal,3695
2677,mammals,254
2678,man,82270
2679,manage,432
2680,management,7263
2681,mangrove,373
2682,manipulated,20
2683,mantle,877
2684,manufacture,362
2685,manufactured,123
2686,manufacturers,205
2687,manufacturing,2360
2688,many,5088
2689,map,12334
2690,maps,276
2691,marble,2858
2692,march,3741
2693,margin,1071
2694,margins,38
2695,marie,77
2696,marigolds,11
2697,marine,6750
2698,marked,440
2699,marker,2891
2700,market,27993
2701,marketing,5590
2702,markings,104
2703,mars,151
2704,marsh,3307
2705,marshall,975
2706,marshmallows,4
2707,marshy,61
2708,marta,10
2709,martin,2191
2710,martins,10
2711,mary,854
2712,maryland,471
2713,masks,35
2714,mass,8688
2715,massachusetts,263
2716,masses,141
2717,massive,11050
2718,mat,2568
2719,match,5931
2720,matched,9
2721,matches,95
2722,matching,736
2723,mate,3403
2724,material,25311
2725,materials,1037
2726,mates,25
2727,mathematical,1521
2728,mating,256
2729,matt,1424
2730,matter,6465
2731,maturation,353
2732,mature,15424
2733,matures,70
2734,maximum,5084
2735,maxwell,83
2736,may,16260
2737,maze,841
2738,meadow,2865
2739,meal,5331
2740,meals,191
2741,mean,5235
2742,means,963
2743,measurable,350
2744,measure,8826
2745,measured,292
2746,measurement,2117
2747,measurements,61
2748,measures,254
2749,measuring,1132
2750,meat,8582
2751,meats,62
2752,mechanical,4114
2753,mechanism,6928
2754,media,6608
2755,median,793
2756,medication,3814
2757,medications,40
2758,medicine,7920
2759,medicines,115
2760,medium,8397
2761,meet,7835
2762,meetings,201
2763,meiosis,82
2764,melinda,6
2765,melt,1061
2766,melted,25
2767,melting,878
2768,melts,36
2769,meltwater,45
2770,members,1063
2771,membrane,30840
2772,membranebound,4
2773,membranes,61
2774,men,2848
2775,mesophyll,10
2776,message,3881
2777,messages,261
2778,messenger,1930
2779,metabolic,965
2780,metabolism,1177
2781,metal,16036
2782,metals,556
2783,metamorphic,100
2784,metamorphosis,239
2785,metaphase,3
2786,meteor,563
2787,meteorite,377
2788,meteoroids,2
2789,meteorologist,618
2790,meteors,5
2791,meter,3466
2792,meters,248
2793,methane,773
2794,method,7770
2795,methods,326
2796,mexico,3696
2797,mg,274
2798,mgbr,0
2799,mgcl,0
2800,mh,65
2801,miami,1033
2802,mice,137
2803,michael,758
2804,michigan,1004
2805,miconia,0
2806,microorganism,183
2807,microorganisms,66
2808,microphone,1847
2809,microscope,1030
2810,microscopes,32
2811,midday,102
2812,middle,14558
2813,midnight,308
2814,midocean,0
2815,might,3236
2816,migrate,26
2817,migrated,24
2818,migrates,15
2819,migrating,22
2820,migration,783
2821,migratory,1557
2822,mild,1782
2823,mileage,393
2824,miles,866
2825,milk,8303
2826,milky,674
2827,milliliter,13
2828,milliliters,0
2829,millimeter,102
2830,millimeters,5
2831,millions,42
2832,mills,319
2833,mimic,663
2834,mina,39
2835,mine,302
2836,mineral,4070
2837,minerals,184
2838,mining,1875
2839,minutes,120
2840,mirror,4735
2841,mirrors,69
2842,missing,859
2843,missy,58
2844,mistakes,160
2845,mitochondria,6
2846,mitochondrion,69
2847,mitosis,92
2848,mitotic,138
2849,mix,6421
2850,mixed,866
2851,mixer,1508
2852,mixes,47
2853,mixing,619
2854,mixture,4448
2855,mixtures,22
2856,ml,131
2857,mode,2751
2858,model,24092
2859,models,1229
2860,moderate,2491
2861,modern,27378
2862,modification,2234
2863,modified,236
2864,modify,184
2865,moist,1321
2866,moisture,820
2867,mold,2180
2868,molding,934
2869,molecular,3079
2870,molecule,3229
2871,molecules,160
2872,molly,469
2873,molten,86
2874,momentum,545
2875,monarch,603
2876,monday,808
2877,money,9444
2878,monica,106
2879,monitoring,1511
2880,monoxide,269
2881,month,3113
2882,months,212
2883,moon,5241
2884,moonearthsun,0
2885,moonlight,608
2886,moons,33
2887,moonsunearth,0
2888,moose,453
2889,morning,2877
2890,mosquitoes,27
2891,moss,857
2892,mostly,614
2893,moth,10663
2894,mother,10286
2895,moths,113
2896,motion,41621
2897,motivated,364
2898,motor,22326
2899,mount,3061
2900,mountain,17649
2901,mountainous,576
2902,mountains,1011
2903,mouse,14502
2904,mouth,37910
2905,mouths,44
2906,move,1480
2907,moved,107
2908,movement,9588
2909,movements,180
2910,moves,529
2911,movie,23560
2912,moving,1566
2913,mr,645
2914,mrna,537
2915,ms,429
2916,much,88195
2917,mud,3451
2918,muffler,504
2919,multicellular,125
2920,multiple,4759
2921,muscle,95689
2922,muscles,396
2923,muscular,2766
2924,mushroom,1778
2925,music,13177
2926,musical,6852
2927,mussels,22
2928,must,2873
2929,mutate,6
2930,mutating,4
2931,mutation,953
2932,mutations,8
2933,mutualism,2
2934,n,1342
2935,na,130
2936,nacl,16
2937,nail,13674
2938,nails,223
2939,name,12474
2940,named,384
2941,names,635
2942,nanotubes,0
2943,naoh,7
2944,naomi,13
2945,narrow,7734
2946,national,15272
2947,native,13771
2948,natural,71933
2949,naturally,989
2950,nature,8421
2951,nausea,99
2952,navigation,1519
2953,ne,221
2954,near,6704
2955,nearby,7140
2956,nearest,116
2957,nearly,667
2958,nebula,456
2959,necessary,7595
2960,need,18789
2961,needed,141
2962,needle,2642
2963,needles,167
2964,needs,602
2965,negative,18067
2966,negatively,22
2967,neighborhood,4001
2968,neither,66
2969,neon,1673
2970,neptune,157
2971,nerve,92752
2972,nerves,170
2973,nervous,51778
2974,nest,1766
2975,nesting,318
2976,nestlings,0
2977,nests,66
2978,net,8309
2979,neutral,3955
2980,neutralization,225
2981,neutralize,9
2982,neutron,1058
2983,neutrons,42
2984,nevada,390
2985,new,394262
2986,newer,2367
2987,newly,117
2988,newspaper,6979
2989,newspapers,127
2990,newton,321
2991,newtons,29
2992,next,8316
2993,nh,158
2994,nicer,1282
2995,niche,1513
2996,nick,1440
2997,nickel,1794
2998,night,10471
2999,ninth,353
3000,nio,6
3001,nitrates,13
3002,nitrogen,1789
3003,nocturnal,358
3004,noise,2562
3005,nonaggressive,7
3006,noncommercial,135
3007,nonconductor,67
3008,noninfectious,10
3009,nonliving,30
3010,nonmagnetic,24
3011,nonnative,29
3012,nonreactive,11
3013,nonrenewable,27
3014,nonstick,242
3015,nonvascular,45
3016,nonwoody,2
3017,noon,159
3018,normal,23358
3019,normally,1172
3020,north,39637
3021,northeast,839
3022,northeastern,869
3023,northern,9869
3024,northward,81
3025,northwest,1661
3026,nose,13862
3027,note,9805
3028,notebook,2805
3029,notes,438
3030,nothing,842
3031,notice,529
3032,noticed,56
3033,notices,41
3034,notify,25
3035,november,494
3036,nt,4093
3037,nuclear,6333
3038,nuclei,93
3039,nucleic,119
3040,nucleotides,32
3041,nucleus,40873
3042,number,24902
3043,numbers,682
3044,numerous,11310
3045,nurse,8393
3046,nutrient,1763
3047,nutrientladen,0
3048,nutrientrich,1
3049,nutrients,74
3050,nutrition,2589
3051,nutritional,2279
3052,oak,9481
3053,object,13416
3054,objective,4988
3055,objects,515
3056,observation,904
3057,observations,81
3058,observe,71
3059,observed,393
3060,observes,18
3061,observing,150
3062,obsolete,754
3063,obtain,97
3064,obtained,364
3065,obtaining,55
3066,obtains,33
3067,occupied,187
3068,occupies,18
3069,occur,197
3070,occurred,81
3071,occurrence,222
3072,occurrences,25
3073,occurring,280
3074,occurs,543
3075,ocean,7216
3076,oceanic,525
3077,oceans,57
3078,october,525
3079,odor,392
3080,officers,249
3081,offspring,2228
3082,often,12643
3083,oh,378
3084,ohms,17
3085,oil,22222
3086,old,136731
3087,older,17252
3088,omitted,21
3089,omnivores,0
3090,one,153697
3091,onehalf,3
3092,onehundred,0
3093,ones,801
3094,onethird,3
3095,oneyear,5
3096,onto,487
3097,ontonagon,0
3098,opaque,3319
3099,open,56395
3100,opened,199
3101,opening,3115
3102,opens,92
3103,operate,499
3104,operating,2702
3105,opinion,1630
3106,opportunities,408
3107,opportunity,1269
3108,opposes,31
3109,opposing,161
3110,opposite,3061
3111,options,529
3112,oral,4729
3113,orange,17464
3114,orbit,1383
3115,orbited,4
3116,orbiting,39
3117,orbits,20
3118,order,6529
3119,ordered,49
3120,ordering,338
3121,ore,1001
3122,organ,29484
3123,organelles,7
3124,organic,13454
3125,organism,1152
3126,organisms,249
3127,organization,2959
3128,organize,155
3129,organized,465
3130,organizing,169
3131,organs,309
3132,origin,2944
3133,original,11928
3134,originally,277
3135,originate,13
3136,orion,328
3137,osmosis,147
3138,others,565
3139,otherwise,123
3140,outcome,3827
3141,outcroppings,1
3142,outdated,1506
3143,outdoor,6741
3144,outer,3420
3145,outlets,35
3146,outline,1739
3147,output,8437
3148,outside,13493
3149,oven,2325
3150,overabundance,5
3151,overall,8334
3152,overcome,28
3153,overcrowding,5
3154,overfishing,1
3155,overgrowth,18
3156,overhead,2287
3157,overhunting,0
3158,overload,629
3159,overlying,20
3160,overnight,673
3161,overpopulate,0
3162,overpopulated,2
3163,ovule,106
3164,owls,26
3165,owners,219
3166,oxide,1701
3167,oxides,21
3168,oxygen,3774
3169,ozone,1246
3170,pacific,6616
3171,package,15176
3172,pail,305
3173,pain,4819
3174,paint,6350
3175,pair,2770
3176,pairs,166
3177,palm,13701
3178,palms,181
3179,pan,4027
3180,pandemic,208
3181,pane,1269
3182,panels,118
3183,paper,17970
3184,papers,992
3185,parachutes,4
3186,paragraph,438
3187,parallel,3717
3188,paramecium,71
3189,parasites,57
3190,parasitic,749
3191,parasitism,15
3192,parent,7368
3193,parents,399
3194,park,15308
3195,parked,43
3196,parking,2251
3197,parks,126
3198,part,5734281
3199,partially,98
3200,participated,2
3201,particle,5398
3202,particles,336
3203,particular,3939
3204,partly,81
3205,parts,2188
3206,party,12664
3207,pass,5410
3208,passage,3008
3209,passed,83
3210,passes,166
3211,passing,451
3212,past,3515
3213,pat,180
3214,path,8170
3215,pathogenic,198
3216,pathogens,49
3217,paths,100
3218,pathway,13443
3219,patient,10835
3220,patients,187
3221,patrick,185
3222,pattern,12960
3223,patterns,189
3224,pawing,0
3225,paws,55
3226,pay,3514
3227,pea,3978
3228,peach,1313
3229,peaches,22
3230,peanuts,49
3231,pear,1531
3232,pebbles,36
3233,peerreviewed,0
3234,pencil,2878
3235,pencils,29
3236,penguins,41
3237,people,21036
3238,pepper,2224
3239,peppers,108
3240,peptide,988
3241,peptides,11
3242,per,244
3243,perceived,220
3244,percent,2141
3245,percentage,1175
3246,percentages,2
3247,perform,2612
3248,performance,19624
3249,performed,938
3250,performing,1010
3251,performs,536
3252,period,12333
3253,periodic,1861
3254,periods,122
3255,permian,31
3256,peroxide,974
3257,person,36477
3258,personal,18099
3259,perspiration,218
3260,persuade,29
3261,pest,1024
3262,pesticide,1344
3263,pesticides,25
3264,pestresistant,0
3265,pests,42
3266,pet,5191
3267,petal,772
3268,peter,3479
3269,petrified,35
3270,petroleum,2454
3271,pets,138
3272,ph,797
3273,pharmaceutical,2114
3274,phase,6377
3275,phases,19
3276,phenomena,117
3277,phenomenon,2526
3278,phillip,56
3279,phloem,51
3280,phone,17737
3281,phones,435
3282,phonograph,182
3283,phospholipid,275
3284,phosphorous,97
3285,phosphorus,553
3286,photograph,3716
3287,photographs,177
3288,photography,5093
3289,photosynthesis,175
3290,photosynthesize,0
3291,photosynthetic,108
3292,phrases,52
3293,phylum,119
3294,physical,11951
3295,physically,610
3296,physician,2580
3297,physicist,1655
3298,phytoplankton,150
3299,pick,3769
3300,picture,25220
3301,pictured,10
3302,pie,3074
3303,piece,11456
3304,pieces,305
3305,pierced,144
3306,pigs,139
3307,pile,1687
3308,piles,66
3309,pill,5238
3310,pine,8301
3311,pinhole,222
3312,pioneer,1767
3313,pipe,6151
3314,pipeline,1661
3315,pitcher,2317
3316,pith,105
3317,place,22107
3318,placebo,2854
3319,placed,1129
3320,places,451
3321,placing,45
3322,plain,6227
3323,plains,2481
3324,plan,21294
3325,plane,6059
3326,planet,4660
3327,planetary,2162
3328,planets,156
3329,plankton,380
3330,planned,360
3331,planning,2139
3332,plans,267
3333,plant,28544
3334,planted,83
3335,planting,348
3336,plantlike,56
3337,plants,1969
3338,plasma,3724
3339,plastic,14549
3340,plastics,154
3341,plate,11075
3342,plateau,1045
3343,plates,211
3344,play,4345
3345,player,23378
3346,plays,613
3347,plentiful,1597
3348,plenty,111
3349,plugged,16
3350,pluto,279
3351,pm,329
3352,pneumatic,556
3353,pockets,130
3354,point,52071
3355,pointed,582
3356,pointing,114
3357,points,607
3358,poison,1969
3359,poisonous,1443
3360,polar,4143
3361,pole,5193
3362,poles,80
3363,polished,1212
3364,pollen,768
3365,pollinate,12
3366,pollinated,60
3367,pollinating,3
3368,pollination,92
3369,pollinators,5
3370,pollock,154
3371,pollutants,17
3372,polluted,355
3373,pollution,896
3374,polymerase,401
3375,polysaccharide,233
3376,pond,3068
3377,ponds,71
3378,pool,10045
3379,pools,33
3380,poor,8779
3381,pop,4668
3382,popcorn,498
3383,popped,1
3384,popular,67614
3385,population,4399
3386,populations,37
3387,porcelain,2195
3388,porous,905
3389,portion,4481
3390,position,16314
3391,positions,252
3392,positive,23889
3393,positively,34
3394,positivelycharged,0
3395,possibility,294
3396,possible,9073
3397,post,15592
3398,poster,4575
3399,pot,5383
3400,potassium,1058
3401,potential,9954
3402,pots,88
3403,potted,111
3404,pounded,13
3405,pour,98
3406,poured,35
3407,pouring,74
3408,pours,3
3409,powder,5725
3410,powdered,261
3411,powdery,333
3412,power,33103
3413,powered,999
3414,practical,15845
3415,practice,4825
3416,practices,528
3417,prairie,4536
3418,precaution,169
3419,precious,5549
3420,precipitates,2
3421,precipitation,1129
3422,precise,2618
3423,precisely,18
3424,predation,97
3425,predator,704
3426,predatorprey,0
3427,predators,16
3428,predict,154
3429,predictable,4494
3430,predicted,52
3431,predicting,10
3432,prediction,827
3433,predictions,19
3434,preexisting,25
3435,preference,492
3436,preferred,483
3437,prepare,54
3438,prepared,600
3439,preparing,82
3440,presence,4727
3441,present,3933
3442,presentation,5490
3443,presented,87
3444,presents,101
3445,preserved,153
3446,press,9687
3447,pressed,314
3448,pressure,27707
3449,pressures,51
3450,prettiest,4
3451,pretty,19855
3452,prevailing,756
3453,prevalence,230
3454,prevent,290
3455,prevents,141
3456,previous,11271
3457,prey,972
3458,preyed,1
3459,price,20198
3460,prickly,545
3461,primarily,234
3462,primary,30942
3463,primitive,2136
3464,principal,4157
3465,principle,1155
3466,prism,774
3467,private,15782
3468,probability,1188
3469,probably,3109
3470,probe,2097
3471,problem,4557
3472,problems,802
3473,procedure,2155
3474,procedures,231
3475,process,85152
3476,processes,358
3477,processor,2811
3478,produce,4608
3479,produced,741
3480,producer,2966
3481,producers,116
3482,produces,412
3483,producing,433
3484,product,38239
3485,production,17571
3486,productive,6601
3487,productivity,1039
3488,products,2906
3489,professional,13756
3490,program,10473
3491,progress,1115
3492,project,5268
3493,prokaryote,112
3494,prokaryotic,149
3495,proof,3218
3496,propane,1032
3497,proper,4218
3498,properly,164
3499,properties,616
3500,property,17786
3501,prophase,11
3502,proposed,660
3503,proposes,17
3504,protect,321
3505,protected,780
3506,protection,10025
3507,protective,2903
3508,protectors,11
3509,protects,130
3510,protein,8189
3511,proteins,559
3512,protist,44
3513,protists,3
3514,proton,966
3515,protons,26
3516,prototype,404
3517,prove,847
3518,proven,741
3519,proves,203
3520,provide,679
3521,provided,203
3522,provides,915
3523,providing,275
3524,proximity,784
3525,pseudopodia,0
3526,public,20394
3527,publish,235
3528,published,507
3529,puddle,358
3530,puffy,539
3531,pull,2760
3532,pulled,100
3533,pulling,132
3534,pulls,44
3535,pumice,173
3536,pumping,215
3537,pumpkin,960
3538,pumps,53
3539,pupa,342
3540,puppies,30
3541,puppy,2262
3542,purchase,4983
3543,pure,20090
3544,purification,699
3545,purple,22549
3546,purpose,3153
3547,purposes,210
3548,push,2803
3549,pushed,47
3550,pushes,27
3551,pushing,34
3552,put,445
3553,puts,104
3554,putting,183
3555,puzzle,3199
3556,q,427
3557,quality,1092427
3558,quantity,2351
3559,quarried,19
3560,quarry,218
3561,question,4197
3562,questions,725
3563,quick,28945
3564,quickgrow,0
3565,quickly,186
3566,quiet,5272
3567,quietest,0
3568,r,859
3569,rabbit,3052
3570,raccoon,1509
3571,race,8655
3572,radar,2318
3573,radiant,1161
3574,radiates,7
3575,radiation,3798
3576,radiator,1408
3577,radio,13405
3578,radioactive,1196
3579,railroad,2315
3580,rain,4911
3581,rained,0
3582,rainfall,1132
3583,rainforest,220
3584,raining,0
3585,rains,110
3586,rainstorms,0
3587,rainwater,247
3588,rainy,614
3589,raise,1794
3590,raising,115
3591,raisins,32
3592,ramp,1247
3593,ran,147
3594,ranches,3
3595,random,8275
3596,range,13279
3597,ranges,79
3598,ranked,914
3599,rapid,5331
3600,rapidly,163
3601,rare,23934
3602,rarely,209
3603,rate,25865
3604,rates,409
3605,rather,1229
3606,ratios,5
3607,rats,112
3608,rattlesnake,2793
3609,ravi,1
3610,raw,5918
3611,rays,288
3612,reach,2748
3613,reached,94
3614,reaches,86
3615,reaching,164
3616,react,61
3617,reactant,147
3618,reactants,1
3619,reacted,4
3620,reacting,26
3621,reaction,5713
3622,reactions,227
3623,reactive,1360
3624,read,6201
3625,readily,61
3626,reading,3752
3627,reads,111
3628,ready,3799
3629,realize,81
3630,realizes,2
3631,really,2278
3632,rear,7955
3633,reason,2037
3634,receded,5
3635,receive,546
3636,received,388
3637,receives,183
3638,receiving,383
3639,recent,4276
3640,recently,206
3641,recessive,176
3642,recharging,17
3643,recipe,1000
3644,reclassified,3
3645,recognize,78
3646,recognizing,13
3647,recombination,144
3648,recommended,301
3649,record,18033
3650,recorded,432
3651,recording,5785
3652,records,826
3653,recover,126
3654,recovered,60
3655,recreational,1820
3656,recrystallization,0
3657,recrystallized,0
3658,rectangular,1828
3659,recycle,173
3660,recycled,602
3661,recycling,591
3662,red,29733
3663,reduce,227
3664,reduced,216
3665,reduces,105
3666,reducing,188
3667,reduction,5231
3668,reef,2547
3669,reefbuilding,1
3670,reefs,121
3671,reevaluate,0
3672,referring,58
3673,reflect,228
3674,reflected,76
3675,reflecting,129
3676,reflective,1953
3677,reflects,84
3678,refract,0
3679,refracted,19
3680,refracting,45
3681,refracts,0
3682,refrigerant,498
3683,refrigerate,3
3684,refrigerator,1551
3685,region,12621
3686,regional,4574
3687,regions,870
3688,regulated,698
3689,regulates,47
3690,regulation,6904
3691,reintroduced,2
3692,reintroduction,15
3693,rejected,42
3694,rejection,1196
3695,related,1706
3696,relatedness,24
3697,relating,31
3698,relation,5721
3699,relationship,3299
3700,relationships,188
3701,relative,4559
3702,release,11855
3703,released,185
3704,releases,542
3705,releasing,88
3706,reliability,590
3707,reliable,11630
3708,relieve,77
3709,remain,769
3710,remained,355
3711,remaining,306
3712,remains,652
3713,remember,1112
3714,remixed,4
3715,removal,930
3716,remove,158
3717,removed,118
3718,removes,74
3719,removing,121
3720,renewable,1151
3721,renewal,1572
3722,repair,5660
3723,repare,0
3724,repeat,588
3725,repeated,166
3726,repeating,162
3727,repeats,23
3728,repel,12
3729,repels,11
3730,repetition,213
3731,replace,95
3732,replaced,60
3733,replaces,35
3734,replacing,29
3735,replanting,2
3736,replenished,3
3737,replication,1390
3738,report,3561
3739,reporter,2044
3740,reporting,1293
3741,reports,587
3742,represent,111
3743,representation,4382
3744,represented,103
3745,representing,134
3746,represents,109
3747,reproduce,96
3748,reproduces,19
3749,reproduction,2061
3750,reproductive,2013
3751,reptile,963
3752,reptiles,100
3753,require,585
3754,required,265
3755,requirement,13998
3756,requirements,448
3757,requires,329
3758,research,9302
3759,researched,14
3760,researcher,855
3761,researchers,47
3762,researches,2
3763,reserves,60
3764,residents,114
3765,resist,76
3766,resistance,5447
3767,resistant,5566
3768,resistor,840
3769,resource,4344
3770,resources,2300
3771,respect,502
3772,respiration,1036
3773,respiratory,33379
3774,respond,126
3775,responding,22
3776,response,11738
3777,responses,97
3778,responsible,5129
3779,rest,3725
3780,restaurants,182
3781,restrict,101
3782,result,17281
3783,resulted,30
3784,resulting,701
3785,results,1155
3786,retail,3710
3787,retain,118
3788,retired,692
3789,retreating,2
3790,return,8806
3791,returned,109
3792,returns,174
3793,reusable,1077
3794,reused,11
3795,revealed,47
3796,reverse,2603
3797,review,16154
3798,reviewed,87
3799,revised,130
3800,revising,10
3801,revisions,19
3802,revolution,837
3803,revolve,14
3804,revolves,13
3805,revolving,159
3806,ribbon,4216
3807,ribosomes,0
3808,ricardo,22
3809,rice,5548
3810,rich,23719
3811,rid,42
3812,ride,5772
3813,rider,5104
3814,riders,230
3815,ridge,14884
3816,riding,1511
3817,rift,426
3818,right,23520
3819,rigid,5055
3820,rigs,15
3821,rim,2471
3822,ring,12481
3823,rings,383
3824,ripening,18
3825,rise,4142
3826,rises,187
3827,rising,580
3828,risk,9411
3829,risky,4228
3830,river,18610
3831,riverbanks,3
3832,riverbed,69
3833,rivers,275
3834,rna,1639
3835,road,24310
3836,roads,333
3837,roadside,2053
3838,roasts,13
3839,robert,905
3840,roberta,1
3841,robins,62
3842,robots,45
3843,rock,22963
3844,rockforming,0
3845,rocks,360
3846,rocky,3497
3847,rod,16327
3848,rodents,66
3849,role,1485
3850,roles,112
3851,roll,5521
3852,rolled,68
3853,roller,5533
3854,rolling,1029
3855,rolls,90
3856,roof,16450
3857,roofing,1037
3858,room,29063
3859,root,21117
3860,roots,620
3861,rope,2914
3862,rossby,14
3863,rotate,81
3864,rotates,83
3865,rotation,664
3866,rotational,328
3867,rotting,129
3868,rough,6963
3869,round,9351
3870,routes,69
3871,row,4497
3872,rowers,7
3873,rowing,215
3874,rows,65
3875,roy,71
3876,rr,52
3877,rub,139
3878,rubbed,27
3879,rubber,6680
3880,rubbing,92
3881,rubs,17
3882,rule,15162
3883,ruler,1721
3884,run,11685
3885,running,1688
3886,runoff,188
3887,runs,599
3888,runway,850
3889,rust,2482
3890,rusting,64
3891,rusts,15
3892,rusty,2013
3893,sacrificed,4
3894,safe,26196
3895,safely,49
3896,safer,7787
3897,safest,14
3898,safety,10459
3899,sag,51
3900,sage,4092
3901,sagebrush,582
3902,sailboat,494
3903,sailboats,10
3904,sale,5202
3905,salinity,134
3906,saliva,11531
3907,sally,75
3908,salmon,3309
3909,salt,5982
3910,saltremoving,0
3911,saltwater,934
3912,salty,907
3913,sam,1792
3914,sample,11074
3915,samples,283
3916,sand,9559
3917,sandbars,0
3918,sandy,3069
3919,sanitation,144
3920,sank,5
3921,sap,833
3922,saprophytism,0
3923,satellite,17454
3924,satisfy,22
3925,saturation,674
3926,saturn,388
3927,saved,110
3928,saves,36
3929,saw,3418
3930,says,65
3931,scale,10630
3932,scales,236
3933,scar,585
3934,scared,29
3935,scars,18
3936,scatter,144
3937,scattered,58
3938,scatterplot,0
3939,scavengers,26
3940,scents,90
3941,school,37662
3942,schools,963
3943,schoolyard,80
3944,science,7384
3945,scientific,4875
3946,scientifically,60
3947,scientist,6490
3948,scientists,112
3949,scissors,191
3950,scorpio,696
3951,scott,451
3952,scraping,35
3953,scratch,1290
3954,scratches,6
3955,screen,14522
3956,screens,74
3957,screws,31
3958,sea,29067
3959,seafloor,17
3960,seal,8768
3961,sealed,651
3962,seals,74
3963,sean,139
3964,search,19582
3965,seas,401
3966,seashell,231
3967,seashells,4
3968,seashore,222
3969,seaside,1223
3970,season,4230
3971,seasonal,3101
3972,seasons,131
3973,seawater,484
3974,second,14863
3975,secondary,6318
3976,secondlevel,0
3977,seconds,81
3978,sections,245
3979,security,18571
3980,sediment,1368
3981,sedimentary,245
3982,sedimentation,235
3983,sediments,2
3984,see,6052
3985,seed,7342
3986,seedless,55
3987,seedlings,13
3988,seeds,681
3989,seeing,386
3990,seem,2774
3991,seen,220
3992,sees,72
3993,segments,57
3994,select,2247
3995,selected,434
3996,selection,7488
3997,selective,1280
3998,selenium,354
3999,sell,966
4000,semaphore,188
4001,semiaquatic,56
4002,semiarid,43
4003,semiliquid,16
4004,send,263
4005,sending,92
4006,sends,42
4007,senses,56
4008,sentence,1279
4009,separate,5690
4010,separated,142
4011,separates,73
4012,separating,84
4013,separation,2013
4014,september,503
4015,sequence,6275
4016,sequoia,171
4017,series,17640
4018,serve,493
4019,service,52400
4020,serving,836
4021,set,17682
4022,sets,355
4023,setting,10479
4024,settle,448
4025,settles,16
4026,settling,34
4027,setup,3516
4028,several,32199
4029,severe,9739
4030,severity,141
4031,sex,31733
4032,sexual,4315
4033,sexually,163
4034,shade,2644
4035,shadetolerant,0
4036,shadow,3572
4037,shake,1485
4038,shakes,10
4039,shallow,2251
4040,shallower,206
4041,shallowrooted,0
4042,shape,79335
4043,shaped,327
4044,shapes,171
4045,share,6749
4046,shared,662
4047,sharp,5260
4048,sharpened,12
4049,shatter,11
4050,shatters,0
4051,shed,1349
4052,shedding,301
4053,sheep,5929
4054,sheet,8022
4055,sheets,164
4056,shellfish,433
4057,shells,110
4058,shelter,2181
4059,shelves,37
4060,shield,2562
4061,shielding,478
4062,shifting,63
4063,shine,264
4064,shines,27
4065,shingles,54
4066,shining,170
4067,shiny,1905
4068,ship,11643
4069,shipping,7232
4070,ships,898
4071,shirt,6542
4072,shoe,9274
4073,shop,14373
4074,shopping,8195
4075,shore,3378
4076,shoreline,719
4077,short,29229
4078,shortage,126
4079,shortened,31
4080,shortens,8
4081,shorter,6912
4082,shortest,103
4083,shortlived,57
4084,shortterm,26
4085,show,4087
4086,showed,101
4087,shower,5310
4088,showing,298
4089,shown,623
4090,shows,668
4091,shredding,34
4092,shrubs,1063
4093,shuttle,1643
4094,si,301
4095,sickle,406
4096,side,34599
4097,sides,338
4098,sidewalk,1130
4099,sierra,1558
4100,sight,1052
4101,sign,9256
4102,signal,8487
4103,signals,225
4104,significance,196
4105,significant,10508
4106,significantly,12089
4107,silence,836
4108,silt,363
4109,silver,30184
4110,similar,29647
4111,similarity,421
4112,similarly,196
4113,simple,56448
4114,simpler,2215
4115,since,106
4116,single,18633
4117,singlecelled,9
4118,sink,2389
4119,sinking,55
4120,sirna,19
4121,sister,5641
4122,sisters,102
4123,sit,217
4124,site,46626
4125,sites,1008
4126,sitting,928
4127,situation,7002
4128,six,5695
4129,size,120280
4130,sized,428
4131,sizes,343
4132,skateboarding,101
4133,skates,41
4134,skeletal,14893
4135,skills,745
4136,skin,19876
4137,sky,5842
4138,sled,811
4139,sledgehammer,55
4140,sleek,2262
4141,sleep,1838
4142,sleeping,2155
4143,slices,30
4144,slide,4230
4145,slides,50
4146,sliding,411
4147,slight,951
4148,slippery,1570
4149,sloths,12
4150,slow,20384
4151,slowed,2
4152,slower,6230
4153,slowest,13
4154,slowing,19
4155,slowly,102
4156,slowmoving,13
4157,slows,23
4158,small,114778
4159,smaller,37655
4160,smallest,183
4161,smell,393
4162,smelling,298
4163,smells,105
4164,smog,62
4165,smogfilled,0
4166,smoke,3914
4167,smoking,4286
4168,smooth,16961
4169,smoother,553
4170,snack,1738
4171,snake,20170
4172,snakes,223
4173,sneezing,62
4174,snow,6689
4175,snowcovered,7
4176,snowfall,396
4177,snowflakes,13
4178,snowstorm,195
4179,snuff,459
4180,soak,369
4181,soaked,30
4182,soap,4082
4183,soar,24
4184,social,14836
4185,society,3265
4186,soda,2169
4187,sodium,1915
4188,soft,34016
4189,softball,836
4190,softbodied,20
4191,softest,3
4192,soil,5908
4193,soils,76
4194,solar,11827
4195,solarpowered,0
4196,sold,319
4197,solid,16637
4198,solidifies,1
4199,solids,100
4200,soluble,1598
4201,solute,227
4202,solution,19490
4203,solutions,774
4204,solve,111
4205,solved,9
4206,solvent,3026
4207,solving,32
4208,somatic,214
4209,someone,17122
4210,something,4127
4211,sometimes,5113
4212,somewhat,3151
4213,son,3988
4214,soon,303
4215,sort,1714
4216,sound,18955
4217,soup,3034
4218,source,21443
4219,sources,393
4220,south,39263
4221,southeast,1050
4222,southern,8440
4223,southward,123
4224,southwest,1182
4225,soybeans,10
4226,space,21784
4227,spacecraft,850
4228,spaces,227
4229,span,1439
4230,sparrows,12
4231,special,13215
4232,specialized,912
4233,species,6342
4234,specific,14184
4235,specifically,83
4236,specimen,1824
4237,speed,14206
4238,speeding,23
4239,speedometer,190
4240,speeds,64
4241,spend,121
4242,sperm,2906
4243,spheres,23
4244,spherical,2908
4245,spider,5681
4246,spiders,67
4247,spill,1012
4248,spills,18
4249,spin,1430
4250,spinal,28207
4251,spines,113
4252,spiraling,13
4253,split,6085
4254,splits,41
4255,spoil,19
4256,spores,141
4257,sports,6176
4258,sprayed,20
4259,spraying,50
4260,spread,4459
4261,spreading,474
4262,spreads,113
4263,spring,11442
4264,springtime,71
4265,sprinklers,9
4266,sprout,455
4267,sq,49
4268,square,27004
4269,squeezing,17
4270,squinting,2
4271,squirrel,6259
4272,squirrels,38
4273,ss,329
4274,st,1908
4275,stability,729
4276,stabilize,44
4277,stabilizes,0
4278,stable,14367
4279,stack,2331
4280,stage,8474
4281,stages,146
4282,stained,440
4283,stand,7401
4284,standardized,259
4285,standing,1580
4286,star,20836
4287,starches,13
4288,starling,1011
4289,starlings,12
4290,stars,478
4291,start,9948
4292,started,237
4293,starting,1686
4294,starts,133
4295,state,808162
4296,stated,93
4297,statement,1645
4298,statements,97
4299,states,9142
4300,static,4479
4301,station,12150
4302,stations,98
4303,statistical,2626
4304,statue,1874
4305,stay,3912
4306,staying,75
4307,stays,126
4308,steadily,21
4309,steam,3524
4310,steel,13508
4311,steep,2366
4312,steepness,5
4313,steering,1029
4314,steller,333
4315,stem,3369
4316,stems,622
4317,step,9438
4318,stepping,133
4319,steps,833
4320,sterile,3229
4321,stick,4791
4322,sticks,116
4323,stiff,4876
4324,still,5100
4325,stilt,2112
4326,stimulate,60
4327,stimulates,85
4328,stimuli,41
4329,stimulus,568
4330,stirred,0
4331,stirring,22
4332,stitching,133
4333,stock,17243
4334,stomach,15926
4335,stone,29390
4336,stop,5770
4337,stopped,47
4338,stops,92
4339,stopwatch,194
4340,storage,12566
4341,store,16829
4342,stored,214
4343,stores,243
4344,storing,203
4345,storm,5079
4346,stormy,1343
4347,story,17747
4348,stove,1775
4349,stow,15
4350,straight,5105
4351,strand,1669
4352,straw,3794
4353,streak,1241
4354,streaks,18
4355,stream,6133
4356,streams,155
4357,street,24354
4358,streets,174
4359,strength,56199
4360,strengthened,7
4361,strengthens,26
4362,stress,4060
4363,stretched,115
4364,strike,1747
4365,strikes,52
4366,strikeslip,3
4367,striking,305
4368,string,7591
4369,stripped,22
4370,stripping,126
4371,strokes,59
4372,strong,63045
4373,stronger,14054
4374,strongest,45
4375,struck,52
4376,structural,5081
4377,structure,24380
4378,structures,235
4379,student,19051
4380,students,933
4381,studied,167
4382,studies,1553
4383,study,19168
4384,studying,44
4385,sturgeon,776
4386,sturgeons,4
4387,style,21355
4388,subatomic,131
4389,subdivide,39
4390,subduct,0
4391,subduction,144
4392,subject,6174
4393,subjected,15
4394,submarines,10
4395,submerged,90
4396,substance,73049
4397,substances,440
4398,subsystems,0
4399,subunits,1
4400,successfully,83
4401,succession,776
4402,sudden,2360
4403,sufficient,3771
4404,sugar,7655
4405,sugarcane,238
4406,sugars,25
4407,suggest,109
4408,suggested,121
4409,suggests,18
4410,suited,11
4411,sulfide,320
4412,sulfur,922
4413,summarizing,10
4414,summer,5849
4415,summers,15
4416,sun,8735
4417,sunflower,898
4418,sunflowers,21
4419,sunglass,1800
4420,sunglasses,174
4421,sunken,22
4422,sunlight,1176
4423,sunny,1240
4424,sunrise,998
4425,suns,19
4426,sunset,1894
4427,sunshine,1606
4428,sunspots,9
4429,suntan,41
4430,supergrow,0
4431,superposition,142
4432,supplied,39
4433,supplies,436
4434,supply,9787
4435,supplying,98
4436,support,24861
4437,supported,274
4438,supports,213
4439,suppose,57
4440,sure,3503
4441,surface,17914
4442,surfacecracking,0
4443,surfaces,180
4444,surge,264
4445,surgery,6319
4446,surgical,1980
4447,surrounding,179
4448,surroundings,977
4449,survey,2045
4450,survival,2571
4451,survive,207
4452,survived,123
4453,surviving,90
4454,suspect,3290
4455,suspension,2748
4456,sustainability,4450
4457,sweat,8403
4458,sweater,2290
4459,sweating,239
4460,sweep,467
4461,swim,581
4462,swimmer,835
4463,swimming,843
4464,swims,14
4465,switch,5785
4466,symptoms,223
4467,synthesis,1719
4468,system,201621
4469,systems,3016
4470,table,16110
4471,tables,167
4472,tablets,48
4473,tadpole,870
4474,tadpoles,4
4475,tail,8587
4476,take,2437
4477,taken,469
4478,takes,1038
4479,taking,601
4480,talking,1085
4481,tall,5461
4482,tallest,40
4483,talons,4
4484,tame,564
4485,tank,6871
4486,tannin,316
4487,tanya,0
4488,tapeworm,302
4489,tapeworms,13
4490,taps,30
4491,target,4747
4492,task,1848
4493,tasmanian,423
4494,taste,12726
4495,taxonomic,299
4496,tea,8419
4497,teacher,11179
4498,team,7166
4499,tears,139
4500,teaspoons,1
4501,technique,2247
4502,techniques,336
4503,technological,1440
4504,technologies,562
4505,technology,8111
4506,tectonic,213
4507,tectonics,9
4508,tee,2808
4509,teeth,457
4510,telephone,6796
4511,telescope,1513
4512,telescopes,8
4513,television,9057
4514,televisions,6
4515,tell,140
4516,tells,72
4517,telophase,2
4518,temperature,68697
4519,temperatures,273
4520,temporary,2662
4521,ten,5445
4522,tend,7265
4523,tends,1357
4524,tension,2293
4525,term,16879
4526,terms,724
4527,terrain,1757
4528,terrarium,101
4529,terrestrial,1014
4530,tertiary,921
4531,test,25232
4532,testable,4
4533,tested,79
4534,testing,3176
4535,tests,229
4536,texture,781
4537,th,1630
4538,theaters,10
4539,theories,81
4540,theory,3129
4541,therefore,1581
4542,thermal,5176
4543,thermometer,1139
4544,thermometers,9
4545,thick,8828
4546,thicker,3276
4547,thickness,348
4548,thin,7626
4549,thing,13532
4550,things,2217
4551,think,1508
4552,thinking,1692
4553,thinks,33
4554,third,17800
4555,thirst,77
4556,thirsty,158
4557,thomas,1006
4558,thorns,78
4559,thoroughly,40
4560,though,117
4561,thought,4017
4562,thoughtful,867
4563,thousands,32
4564,threatened,123
4565,three,15074
4566,threequarters,2
4567,threeweek,0
4568,threw,18
4569,throughout,437
4570,throw,1763
4571,throwing,184
4572,thrown,96
4573,throws,98
4574,thrust,1120
4575,thunder,1364
4576,thunderstorms,13
4577,thymine,51
4578,tidal,773
4579,tide,750
4580,tides,38
4581,tie,5229
4582,tiger,7076
4583,tile,4074
4584,tilt,296
4585,tilted,9
4586,tilts,0
4587,time,27327
4588,timed,62
4589,times,8775
4590,tin,2471
4591,tinted,153
4592,tiny,3268
4593,tipping,68
4594,tips,453
4595,tire,11081
4596,tissue,51909
4597,tissues,189
4598,title,2207
4599,toast,1984
4600,toasted,67
4601,toaster,872
4602,tobacco,4307
4603,today,8003
4604,together,1203
4605,told,94
4606,tomato,3003
4607,tongue,14014
4608,tonya,3
4609,took,606
4610,tool,19525
4611,tools,908
4612,toothed,578
4613,top,38658
4614,topography,41
4615,tops,8
4616,topsoil,165
4617,tori,22
4618,tornado,601
4619,tornadoes,8
4620,total,9454
4621,touch,1951
4622,touched,34
4623,touches,24
4624,touching,92
4625,tour,2437
4626,toward,1595
4627,towards,1612
4628,towel,2337
4629,towels,41
4630,tower,6008
4631,towers,63
4632,town,15513
4633,toxic,10351
4634,toy,8524
4635,toys,691
4636,trachea,14145
4637,track,11082
4638,tracking,849
4639,tractor,1498
4640,tradeoff,5
4641,trail,6879
4642,train,7298
4643,trait,44562
4644,traits,34
4645,transcription,1209
4646,transfer,4347
4647,transferred,29
4648,transfers,55
4649,transform,67
4650,transformation,499
4651,transformations,7
4652,transformed,20
4653,transgenic,153
4654,transitional,475
4655,translucent,1245
4656,transmitted,305
4657,transmitter,664
4658,transparent,3082
4659,transpiration,73
4660,transport,6650
4661,transportation,5484
4662,transporting,44
4663,transports,29
4664,transverse,14742
4665,trap,2468
4666,trapped,58
4667,trash,2241
4668,trashcan,7
4669,travel,7562
4670,traveled,89
4671,traveling,842
4672,travels,160
4673,tray,2500
4674,treadmill,848
4675,treat,3415
4676,treating,138
4677,treatment,8947
4678,treats,111
4679,tree,25258
4680,trees,1702
4681,trench,792
4682,trenches,8
4683,trend,4953
4684,trial,4004
4685,trials,651
4686,triggers,16
4687,trip,7097
4688,triplebeam,0
4689,tripled,0
4690,trna,167
4691,trophic,95
4692,tropical,8669
4693,tropics,198
4694,troposphere,76
4695,truck,10143
4696,true,27938
4697,trunk,3270
4698,try,341
4699,trying,93
4700,tsunamis,0
4701,tub,3085
4702,tube,7654
4703,tubelike,61
4704,tubes,155
4705,tulip,900
4706,tulips,35
4707,tumor,1647
4708,tumors,49
4709,tundra,717
4710,turbidity,53
4711,turn,1873
4712,turned,287
4713,turning,512
4714,turns,258
4715,turtle,6098
4716,turtles,85
4717,tweezers,9
4718,twelve,595
4719,twentyfour,9
4720,twice,147
4721,twigs,72
4722,two,34142
4723,twochambered,4
4724,type,15583
4725,types,215
4726,typical,24719
4727,ultraviolet,929
4728,unable,1395
4729,unacceptable,792
4730,unaffected,307
4731,unattached,30
4732,unbalanced,86
4733,unchanged,1067
4734,uncontrollable,415
4735,uncontrolled,890
4736,uncover,2
4737,undergo,15
4738,undergoing,18
4739,underground,5100
4740,understand,513
4741,understanding,671
4742,understands,34
4743,understood,47
4744,underwater,926
4745,unexpected,2138
4746,unglazed,67
4747,unhappy,1305
4748,unhealthy,756
4749,unicellular,65
4750,uniformity,101
4751,unimportant,509
4752,unintended,209
4753,unique,5990
4754,unit,20692
4755,united,9527
4756,units,390
4757,universal,5212
4758,universe,2732
4759,unknown,5151
4760,unless,118
4761,unlike,4041
4762,unlikely,938
4763,unlimited,5258
4764,unpiloted,11
4765,unrelated,644
4766,unsafe,487
4767,unstable,2601
4768,unsustainable,18
4769,unusual,3602
4770,upgrades,37
4771,uplift,328
4772,uplifting,26
4773,upon,1639
4774,upper,7419
4775,upriver,4
4776,uprooted,0
4777,upset,966
4778,upstream,466
4779,upward,607
4780,upwelling,18
4781,uracil,45
4782,urinate,5
4783,us,168
4784,usable,1432
4785,usage,1251
4786,use,27309
4787,used,9644
4788,useful,24642
4789,uses,642
4790,ushaped,69
4791,using,1031
4792,usually,14985
4793,uv,853
4794,v,1036
4795,vaccination,292
4796,vacuole,16939
4797,vacuoles,6
4798,vacuum,3661
4799,vacuums,46
4800,valence,118
4801,valid,1824
4802,validate,1
4803,validity,198
4804,valley,8518
4805,valleys,41
4806,valuable,29863
4807,value,13328
4808,van,5520
4809,vane,461
4810,vapor,1681
4811,vaporization,84
4812,vaporized,3
4813,variable,7137
4814,variables,171
4815,variation,3466
4816,varied,1037
4817,varies,32
4818,varieties,161
4819,variety,1962
4820,various,34359
4821,vary,52
4822,vascular,23921
4823,vegas,260
4824,vegetable,5235
4825,vegetables,191
4826,vehicles,357
4827,velocity,1505
4828,verified,32
4829,versus,269
4830,vertebrates,146
4831,vertically,48
4832,vessels,183
4833,vestigial,36
4834,vests,7
4835,vibrate,39
4836,vibrations,139
4837,viewed,98
4838,viewing,946
4839,vinegar,1532
4840,virus,3428
4841,viruses,79
4842,visible,2867
4843,vision,1974
4844,visual,27523
4845,visually,679
4846,vitamin,3018
4847,vitamins,119
4848,vocal,1865
4849,voice,5892
4850,volatile,3614
4851,volcanic,908
4852,volcanism,68
4853,volcano,880
4854,volcanoes,19
4855,voltage,5100
4856,volts,18
4857,volume,10335
4858,volumes,45
4859,volvox,9
4860,voyager,788
4861,vshaped,36
4862,w,718
4863,waiting,324
4864,walk,5233
4865,walked,19
4866,walking,2426
4867,walks,90
4868,wall,25491
4869,walls,325
4870,walter,206
4871,waning,4
4872,want,182
4873,wanted,58
4874,wants,52
4875,warbler,4888
4876,warblers,18
4877,warm,17346
4878,warmblooded,27
4879,warmed,12
4880,warmer,3026
4881,warming,725
4882,warmseason,0
4883,warmth,153
4884,warn,64
4885,warning,1028
4886,wash,2771
4887,washing,1470
4888,washington,1431
4889,waste,5438
4890,wasted,31
4891,wastes,59
4892,watch,7893
4893,watched,8
4894,water,60002
4895,watercycle,0
4896,watered,22
4897,waterfall,933
4898,watering,1115
4899,waterproof,2128
4900,waters,882
4901,watershed,1009
4902,waterways,20
4903,watts,29
4904,wave,8703
4905,wavelength,521
4906,wavelengths,43
4907,waves,345
4908,wax,3307
4909,waxing,140
4910,way,21014
4911,ways,617
4912,weak,17480
4913,weakens,6
4914,wear,4040
4915,wearing,2096
4916,weather,8147
4917,weathered,85
4918,weathering,36
4919,web,33795
4920,webbed,81
4921,webpage,144
4922,webs,33
4923,weeds,88
4924,week,3442
4925,weekend,2933
4926,weekly,3480
4927,weeks,125
4928,weigh,48
4929,weight,69329
4930,weights,125
4931,well,9420
4932,welldrained,0
4933,wells,114
4934,went,388
4935,west,13247
4936,western,18034
4937,wet,6176
4938,wetland,1264
4939,wetlands,53
4940,whales,77
4941,wheat,2264
4942,wheel,9191
4943,wheels,913
4944,whether,409
4945,whisper,94
4946,whistle,1536
4947,white,71025
4948,whiteflies,4
4949,whitespotted,0
4950,whitetailed,636
4951,whole,10338
4952,whose,2450
4953,wide,11842
4954,widely,1277
4955,wider,2533
4956,widespread,1633
4957,width,1190
4958,wild,20765
4959,wildlife,1271
4960,wilt,54
4961,win,844
4962,wind,8987
4963,windier,17
4964,windmills,17
4965,window,24294
4966,windows,1714
4967,windowsill,491
4968,winds,372
4969,windshield,854
4970,wing,9327
4971,wings,575
4972,winner,2810
4973,winning,396
4974,winter,5990
4975,winters,97
4976,wintry,60
4977,wipe,238
4978,wiper,861
4979,wipes,35
4980,wire,6904
4981,wires,59
4982,wishes,146
4983,within,10732
4984,without,3067
4985,withstand,23
4986,wobbles,2
4987,wolf,4889
4988,wolves,36
4989,woman,43577
4990,women,4256
4991,wood,25732
4992,wooded,472
4993,wooden,6074
4994,woodfree,1
4995,woodpecker,1418
4996,woody,1582
4997,woolly,3676
4998,word,11743
4999,words,765
5000,work,40184
5001,worked,766
5002,worker,11437
5003,workers,603
5004,working,2442
5005,works,2212
5006,world,23288
5007,worm,4417
5008,worms,113
5009,would,9871
5010,wounds,49
5011,wrap,2984
5012,wrinkled,112
5013,wrist,9025
5014,write,1208
5015,writing,3553
5016,written,622
5017,wrong,2537
5018,wrote,192
5019,wyoming,232
5020,x,3966
5021,xaxis,6
5022,xylem,1946
5023,yard,3348
5024,yardstick,165
5025,yarn,2011
5026,year,18745
5027,years,2509
5028,yeast,1697
5029,yellow,29669
5030,yellowstone,145
5031,yes,1758
5032,yet,343
5033,yogurt,854
5034,young,39007
5035,younger,6715
5036,z,444
5037,zero,4174
5038,zinc,1581
5039,zn,28
5040,zncl,0
5041,zone,8217
5042,zones,89
5043,zoo,2296
5044,zygote,45
