,segWords,Freq
0,coronavirus,7373
1,China,5075
2,outbreak,2784
3,Wuhan,2261
4,people,1036
5,Coronavirus,1014
6,spread,879
7,Chinese,874
8,virus,778
9,confirmed,729
10,pneumonia,699
11,death,645
12,news,641
13,city,591
14,health,535
15,toll,528
16,travel,502
17,deadly,499
18,US,483
19,-,428
20,amp,423
21,ndtv,421
22,amid,410
23,china,385
24,Health,351
25,emergency,342
26,infected,341
27,killed,338
28,hospital,331
29,live,327
30,spreading,322
31,global,311
32,reports,310
33,confirms,293
34,spreads,283
35,government,268
36,fears,262
37,cities,261
38,officials,261
39,updates,261
40,reported,259
41,lockdown,255
42,source,251
43,control,248
44,UK,247
45,SARS,245
46,New,241
47,wuhan,240
48,authorities,239
49,country,234
50,Here,233
51,rises,230
52,caused,229
53,Beijing,225
54,citizens,223
55,WHO,217
56,Hong,209
57,Kong,209
58,trib,209
59,More,205
60,cnn,202
61,deaths,202
62,CoronavirusOutbreak,201
63,patients,197
64,public,194
65,Hubei,191
66,countries,178
67,epicenter,178
68,What,171
69,symptoms,170
70,Twitter,169
71,official,168
72,Year,167
73,nCoV,166
74,medical,165
75,medium,162
76,Japan,161
77,Echobox,157
78,measures,156
79,mainland,154
80,markets,150
81,response,150
82,efforts,148
83,hit,147
84,CDC,145
85,Xi,144
86,disease,143
87,aje,142
88,io,142
89,patient,142
90,tested,142
91,fight,141
92,f,136
93,CMP,134
94,cnb,134
95,cx,134
96,jan,134
97,Lunar,134
98,theguardian,134
99,twt,134
100,illness,133
101,respiratory,133
102,rt,133
103,We,133
104,including,132
105,media,132
106,France,131
107,quarantine,131
108,airports,129
109,person,129
110,strain,128
111,abcn,127
112,central,127
113,World,127
114,died,125
115,evacuate,124
116,human,124
117,india,124
118,News,121
119,prevent,121
120,warns,120
121,build,119
122,hospitals,117
123,agency,116
124,treatment,116
125,epidemic,114
126,Thailand,114
127,Factbox,112
128,center,111
129,days,111
130,Asia,110
131,infection,110
132,passengers,110
133,stocks,110
134,Shanghai,107
135,Canada,106
136,holiday,106
137,curb,105
138,Follow,105
139,United,105
140,ChinaVirus,104
141,impact,102
142,market,102
143,rise,102
144,dead,100
145,In,100
146,sickened,100
147,science,99
148,State,99
149,treat,99
150,diagnosed,98
151,identified,96
152,Organization,95
153,week,95
154,province,94
155,Trump,94
156,President,92
157,restrictions,91
158,close,90
159,States,90
160,suspected,90
161,worried,90
162,infectious,88
163,Social,88
164,flights,87
165,This,87
166,Washington,87
167,don,86
168,masks,86
169,screening,86
170,staff,86
171,Jinping,85
172,uk,85
173,How,84
174,risen,84
175,traveled,84
176,Australia,83
177,Read,83
178,students,83
179,Britons,82
180,fast,82
181,gu,82
182,Sunday,82
183,warning,81
184,hundreds,80
185,concern,79
186,Monday,79
187,concerns,78
188,continues,78
189,economic,78
190,international,78
191,Korea,78
192,South,78
193,travelers,78
194,But,77
195,day,77
196,risk,77
197,announced,76
198,Department,76
199,India,76
200,situation,76
201,As,75
202,experts,75
203,set,75
204,effort,74
205,Singapore,74
206,term,74
207,transmission,74
208,transportation,74
209,bed,73
210,building,73
211,st,72
212,started,72
213,testing,72
214,top,72
215,CoronaVirus,71
216,NDTV,71
217,stock,71
218,climbs,70
219,Jan,70
220,National,70
221,total,70
222,x,70
223,British,69
224,discovered,69
225,humans,69
226,Latest,69
227,positive,69
228,AFP,68
229,Europe,68
230,evacuation,68
231,Autofeed,67
232,originated,67
233,Thursday,67
234,Chicago,66
235,closed,66
236,level,66
237,mysterious,66
238,scare,66
239,tests,66
240,Indian,65
241,Commission,64
242,Americans,63
243,California,63
244,residents,63
245,shut,63
246,teams,63
247,told,63
248,declare,62
249,I,62
250,Three,62
251,companies,61
252,contact,61
253,mystery,61
254,newly,61
255,production,61
256,warned,61
257,BREAKING,60
258,Foreign,60
259,report,60
260,story,60
261,battle,59
262,epicentre,59
263,special,59
264,transport,59
265,airport,58
266,crisis,58
267,leave,58
268,minister,58
269,Minister,58
270,Sars,58
271,urges,58
272,Control,57
273,essential,57
274,It,57
275,prevention,57
276,rose,57
277,time,57
278,Breaking,56
279,Province,56
280,video,56
281,All,55
282,dozens,55
283,Sky,55
284,Disease,54
285,doctor,54
286,flight,54
287,isolation,54
288,major,54
289,protect,54
290,returned,54
291,viral,54
292,ability,53
293,animal,53
294,ban,53
295,DailyChinaBriefing,53
296,trade,53
297,treated,53
298,Tuesday,53
299,wild,53
300,cancels,52
301,Death,52
302,gdnnews,52
303,pandemic,52
304,panic,52
305,stay,52
306,supplies,52
307,With,52
308,battles,51
309,declares,51
310,model,51
311,nationals,51
312,returning,51
313,Update,51
314,Wall,51
315,WSJWhatsNow,51
316,advises,50
317,dozen,50
318,expert,50
319,First,50
320,follow,50
321,Li,49
322,Global,48
323,issues,48
324,millions,48
325,severe,48
326,Snakes,48
327,woman,48
328,worldwide,48
329,Xinhua,48
330,An,47
331,believed,47
332,Centers,47
333,chief,47
334,confirm,47
335,IN,47
336,JUST,47
337,military,47
338,Office,47
339,Officials,47
340,Saturday,47
341,threat,47
342,transmitted,47
343,built,46
344,economy,46
345,krait,46
346,stronger,46
347,centre,45
348,PTI,45
349,Texas,45
350,traveling,45
351,workers,45
352,animals,44
353,At,44
354,Authorities,44
355,called,44
356,Dow,44
357,flu,44
358,html,44
359,independent,44
360,student,44
361,triggered,44
362,Wednesday,44
363,writes,44
364,Germany,43
365,linked,43
366,nurse,43
367,Public,43
368,resident,43
369,steps,43
370,stranded,43
371,airlines,42
372,alert,42
373,City,42
374,cobra,42
375,extends,42
376,history,42
377,mask,42
378,observation,42
379,original,42
380,provincial,42
381,Taiwan,42
382,There,42
383,winter,42
384,aid,41
385,arrived,41
386,Asian,41
387,expected,41
388,infections,41
389,medics,41
390,Ministry,41
391,MORE,41
392,Premier,41
393,screen,41
394,temporarily,41
395,avoid,40
396,bans,40
397,CNN,40
398,cut,40
399,Davos,40
400,deal,40
401,hold,40
402,left,40
403,Prevention,40
404,return,40
405,snakes,40
406,watch,40
407,Watch,40
408,advising,39
409,American,39
410,beds,39
411,employees,39
412,extended,39
413,Friday,39
414,Great,39
415,low,39
416,morning,39
417,a,38
418,accelerating,38
419,detected,38
420,diplomats,38
421,doctors,38
422,earlier,38
423,grow,38
424,growing,38
425,On,38
426,region,38
427,test,38
428,advisory,37
429,arrival,37
430,exposure,37
431,Facebook,37
432,fourth,37
433,investors,37
434,ms,37
435,nyti,37
436,procedures,37
437,reaches,37
438,surgical,37
439,travelling,37
440,committee,36
441,halt,36
442,jumps,36
443,Keqiang,36
444,rate,36
445,So,36
446,Stocks,36
447,urged,36
448,bats,35
449,biggest,35
450,combat,35
451,If,35
452,living,35
453,month,35
454,podcast,35
455,reconsider,35
456,risks,35
457,scientists,35
458,sky,35
459,travellers,35
460,trial,35
461,anger,34
462,bid,34
463,Disney,34
464,Disneyland,34
465,facing,34
466,From,34
467,HIV,34
468,identifies,34
469,Listen,34
470,meet,34
471,meeting,34
472,negative,34
473,screenings,34
474,sell,34
475,stepped,34
476,stopped,34
477,stories,34
478,trains,34
479,Britain,33
480,demand,33
481,drug,33
482,expanded,33
483,hard,33
484,Hospital,33
485,mayor,33
486,plans,33
487,potential,33
488,ready,33
489,rein,33
490,Saudi,33
491,suspends,33
492,ve,33
493,affect,32
494,cbc,32
495,December,32
496,Dr,32
497,game,32
498,grave,32
499,industry,32
500,infects,32
501,investigation,32
502,outbreaks,32
503,preparedness,32
504,threatens,32
505,weekend,32
506,appears,31
507,cough,31
508,declaring,31
509,family,31
510,personnel,31
511,schools,31
512,Scientists,31
513,start,31
514,trapped,31
515,universities,31
516,Amid,30
517,Apple,30
518,arriving,30
519,Central,30
520,Check,30
521,conference,30
522,fell,30
523,globally,30
524,increasing,30
525,president,30
526,prices,30
527,questions,30
528,studies,30
529,team,30
530,Tell,30
531,trading,30
532,wearing,30
533,advice,29
534,Australian,29
535,calls,29
536,chinese,29
537,closing,29
538,contracted,29
539,dedicated,29
540,hits,29
541,makeshift,29
542,months,29
543,Our,29
544,People,29
545,planning,29
546,Should,29
547,shuts,29
548,worst,29
549,AbbVie,28
550,app,28
551,cope,28
552,cover,28
553,dangerous,28
554,explains,28
555,Feb,28
556,fly,28
557,food,28
558,foreign,28
559,half,28
560,hands,28
561,isolate,28
562,Japanese,28
563,monitoring,28
564,NDTVNewsBeeps,28
565,offers,28
566,office,28
567,oil,28
568,prepared,28
569,rapidly,28
570,robot,28
571,role,28
572,screened,28
573,shutting,28
574,social,28
575,stands,28
576,Starbucks,28
577,stores,28
578,system,28
579,victims,28
580,wsj,28
581,border,27
582,children,27
583,die,27
584,ground,27
585,He,27
586,life,27
587,locks,27
588,reviews,27
589,Scotland,27
590,statement,27
591,streets,27
592,To,27
593,UN,27
594,consulate,26
595,contagion,26
596,contagious,26
597,dies,26
598,edition,26
599,European,26
600,French,26
601,lunar,26
602,M,26
603,reach,26
604,regions,26
605,school,26
606,Seattle,26
607,send,26
608,sparked,26
609,tLnnh,26
610,WhatPresidentXiSays,26
611,air,25
612,borders,25
613,capital,25
614,celebrations,25
615,County,25
616,Cross,25
617,fear,25
618,flying,25
619,ft,25
620,FT,25
621,Huanggang,25
622,International,25
623,leadership,25
624,link,25
625,mutating,25
626,Number,25
627,reached,25
628,scrambles,25
629,seals,25
630,traveller,25
631,vaccine,25
632,Vietnam,25
633,ward,25
634,ABC,24
635,bit,24
636,body,24
637,construction,24
638,continue,24
639,cousin,24
640,decoded,24
641,families,24
642,grows,24
643,issue,24
644,leader,24
645,Leo,24
646,local,24
647,No,24
648,nose,24
649,ongoing,24
650,plane,24
651,Poon,24
652,precautions,24
653,Scientist,24
654,short,24
655,suspended,24
656,type,24
657,virulent,24
658,Virus,24
659,wapo,24
660,watching,24
661,Will,24
662,Arabia,23
663,authority,23
664,based,23
665,briefing,23
666,emerged,23
667,Get,23
668,handling,23
669,increase,23
670,indian,23
671,indoors,23
672,KayBurley,23
673,Kerala,23
674,ministry,23
675,secretary,23
676,sparking,23
677,stations,23
678,That,23
679,tourist,23
680,University,23
681,announcement,22
682,Are,22
683,attractions,22
684,begun,22
685,beijing,22
686,business,22
687,canceled,22
688,communication,22
689,condition,22
690,conditions,22
691,Cook,22
692,critical,22
693,deserted,22
694,Everything,22
695,growth,22
696,Headlines,22
697,Heathrow,22
698,Indians,22
699,iPhone,22
700,Jones,22
701,kerala,22
702,lessons,22
703,limit,22
704,materials,22
705,Nanshan,22
706,nation,22
707,NEW,22
708,nonessential,22
709,Olympic,22
710,passes,22
711,protective,22
712,quarantined,22
713,scale,22
714,sends,22
715,sharp,22
716,spokesman,22
717,strict,22
718,struggles,22
719,York,22
720,Zhong,22
721,arrives,21
722,checked,21
723,checks,21
724,chinas,21
725,confident,21
726,decision,21
727,director,21
728,Ebola,21
729,expands,21
730,expects,21
731,Find,21
732,governments,21
733,JustIn,21
734,LATEST,21
735,Malaysia,21
736,ODMd,21
737,One,21
738,online,21
739,pressure,21
740,Red,21
741,remain,21
742,restricting,21
743,shortage,21
744,suspend,21
745,town,21
746,additional,20
747,blog,20
748,calling,20
749,climb,20
750,Deadly,20
751,declared,20
752,diseases,20
753,east,20
754,evacuated,20
755,footage,20
756,hair,20
757,halted,20
758,head,20
759,heading,20
760,initiates,20
761,li,20
762,lives,20
763,lower,20
764,Medical,20
765,nationwide,20
766,Organisation,20
767,period,20
768,precautionary,20
769,prompted,20
770,race,20
771,rapid,20
772,remains,20
773,restaurants,20
774,seafood,20
775,senior,20
776,shares,20
777,spoken,20
778,struggling,20
779,talks,20
780,visiting,20
781,worry,20
782,ANI,19
783,Breakfast,19
784,BreakingNews,19
785,closes,19
786,considered,19
787,difficult,19
788,direct,19
789,dish,19
790,drop,19
791,embassy,19
792,Emergency,19
793,experience,19
794,fall,19
795,fINE,19
796,Forbidden,19
797,inside,19
798,ll,19
799,locked,19
800,monitor,19
801,NHC,19
802,popular,19
803,preparing,19
804,press,19
805,provide,19
806,reporting,19
807,restrict,19
808,sites,19
809,Six,19
810,Some,19
811,support,19
812,tells,19
813,topped,19
814,train,19
815,Video,19
816,worries,19
817,Analysis,18
818,Avoid,18
819,buses,18
820,businesses,18
821,citing,18
822,coming,18
823,company,18
824,confidence,18
825,consumer,18
826,correspondent,18
827,Cover,18
828,current,18
829,dealing,18
830,decide,18
831,devil,18
832,ea,18
833,fallout,18
834,france,18
835,hoping,18
836,hours,18
837,imiG,18
838,increased,18
839,incubation,18
840,Intelligence,18
841,Johnson,18
842,LISTEN,18
843,mouth,18
844,Nepal,18
845,NOW,18
846,packed,18
847,partial,18
848,peak,18
849,PM,18
850,population,18
851,premier,18
852,read,18
853,renowned,18
854,Report,18
855,resolute,18
856,sars,18
857,scramble,18
858,shared,18
859,sneeze,18
860,speaking,18
861,subscribe,18
862,traveler,18
863,trips,18
864,Wash,18
865,Wear,18
866,wxVI,18
867,abroad,17
868,allocates,17
869,Angeles,17
870,Arizona,17
871,australia,17
872,av,17
873,bringing,17
874,claimed,17
875,donated,17
876,flown,17
877,For,17
878,Four,17
879,heart,17
880,join,17
881,key,17
882,Lam,17
883,Los,17
884,national,17
885,originally,17
886,pathogen,17
887,preventive,17
888,researchers,17
889,slow,17
890,stepping,17
891,Students,17
892,tracked,17
893,USD,17
894,Videos,17
895,activated,16
896,Among,16
897,analysis,16
898,annual,16
899,box,16
900,changed,16
901,chartering,16
902,Chief,16
903,community,16
904,create,16
905,decided,16
906,determine,16
907,earnings,16
908,entering,16
909,FDA,16
910,February,16
911,federal,16
912,form,16
913,front,16
914,G,16
915,Hancock,16
916,Investors,16
917,kills,16
918,luxury,16
919,Maps,16
920,Matt,16
921,officer,16
922,Paris,16
923,Plague,16
924,plan,16
925,porcupines,16
926,presumptive,16
927,prompts,16
928,rail,16
929,raised,16
930,ramp,16
931,rodents,16
932,scotland,16
933,separate,16
934,services,16
935,speaks,16
936,takes,16
937,telegraph,16
938,Today,16
939,undergoing,16
940,UPDATE,16
941,Vendors,16
942,warn,16
943,WJEo,16
944,yak,16
945,yuan,16
946,adding,15
947,airlifts,15
948,alarm,15
949,ale,15
950,appreciates,15
951,asia,15
952,Carrie,15
953,Concern,15
954,considers,15
955,constitutes,15
956,contained,15
957,department,15
958,deployed,15
959,designated,15
960,halts,15
961,helping,15
962,HKSAR,15
963,HongKong,15
964,ihtc,15
965,impeachment,15
966,investor,15
967,IqNrV,15
968,January,15
969,Live,15
970,Ma,15
971,medicines,15
972,mobilizing,15
973,Nearly,15
974,origin,15
975,overwhelmed,15
976,prepare,15
977,prepares,15
978,refuse,15
979,rush,15
980,scientific,15
981,seeks,15
982,Strict,15
983,Tibet,15
984,TSaQM,15
985,Two,15
986,Where,15
987,agencies,14
988,airline,14
989,Asked,14
990,BobWoodruff,14
991,broadcaster,14
992,By,14
993,cancel,14
994,caught,14
995,CEO,14
996,cheaper,14
997,chesh,14
998,contracts,14
999,crucial,14
1000,deputy,14
1001,droplets,14
1002,energy,14
1003,England,14
1004,Entrusted,14
1005,epjEx,14
1006,events,14
1007,explosive,14
1008,Festival,14
1009,Google,14
1010,GurmanBhatia,14
1011,hardest,14
1012,Hospitals,14
1013,Huawei,14
1014,infect,14
1015,inspect,14
1016,intensify,14
1017,involving,14
1018,issued,14
1019,keeping,14
1020,lack,14
1021,learned,14
1022,leaving,14
1023,LG,14
1024,location,14
1025,mammals,14
1026,MHKqf,14
1027,mother,14
1028,mounting,14
1029,moving,14
1030,Oil,14
1031,oOuTg,14
1032,Over,14
1033,praises,14
1034,pushing,14
1035,react,14
1036,resign,14
1037,resolutely,14
1038,ReutersGraphics,14
1039,rising,14
1040,rushes,14
1041,Russia,14
1042,sealed,14
1043,See,14
1044,series,14
1045,spike,14
1046,spokesperson,14
1047,Spring,14
1048,temporary,14
1049,Toronto,14
1050,tourism,14
1051,travels,14
1052,treating,14
1053,update,14
1054,warnings,14
1055,When,14
1056,ayDBx,13
1057,Ayhj,13
1058,Bin,13
1059,boxing,13
1060,Care,13
1061,CateCadell,13
1062,concerned,13
1063,controlling,13
1064,crowds,13
1065,effects,13
1066,expand,13
1067,fatality,13
1068,fighting,13
1069,Five,13
1070,FVSgue,13
1071,globe,13
1072,hand,13
1073,Harsh,13
1074,Heartwarming,13
1075,House,13
1076,Is,13
1077,jumped,13
1078,KHDUM,13
1079,lined,13
1080,lkOE,13
1081,lock,13
1082,McDonald,13
1083,mind,13
1084,mln,13
1085,notice,13
1086,outbound,13
1087,overseas,13
1088,putting,13
1089,qualifying,13
1090,received,13
1091,Residents,13
1092,running,13
1093,samples,13
1094,Second,13
1095,sMIH,13
1096,starting,13
1097,television,13
1098,temperature,13
1099,They,13
1100,thousands,13
1101,Tokyo,13
1102,tournament,13
1103,tours,13
1104,track,13
1105,urge,13
1106,Vardhan,13
1107,visited,13
1108,visits,13
1109,wife,13
1110,About,12
1111,academic,12
1112,activities,12
1113,afternoon,12
1114,Airline,12
1115,Airlines,12
1116,Airport,12
1117,Airports,12
1118,America,12
1119,assist,12
1120,asx,12
1121,australian,12
1122,babed,12
1123,Bat,12
1124,bdb,12
1125,beer,12
1126,billionaire,12
1127,Canadian,12
1128,cancellation,12
1129,causing,12
1130,cautioning,12
1131,censorship,12
1132,charts,12
1133,check,12
1134,closures,12
1135,communicate,12
1136,Confusion,12
1137,Construction,12
1138,containment,12
1139,content,12
1140,Corona,12
1141,Craig,12
1142,craziest,12
1143,cultural,12
1144,Culver,12
1145,David,12
1146,de,12
1147,Dillon,12
1148,dip,12
1149,disrupt,12
1150,Drone,12
1151,dropping,12
1152,empty,12
1153,entertainment,12
1154,equipment,12
1155,equipped,12
1156,examining,12
1157,familiar,12
1158,Fears,12
1159,ferry,12
1160,ffcdca,12
1161,financial,12
1162,Finland,12
1163,fiscal,12
1164,flee,12
1165,FozxJMi,12
1166,fujD,12
1167,Gottlieb,12
1168,Government,12
1169,handle,12
1170,harder,12
1171,Have,12
1172,heartbeats,12
1173,highly,12
1174,homeless,12
1175,huge,12
1176,identifying,12
1177,implementing,12
1178,increases,12
1179,kits,12
1180,largest,12
1181,launched,12
1182,links,12
1183,lost,12
1184,ly,12
1185,Major,12
1186,matter,12
1187,Media,12
1188,mix,12
1189,monetary,12
1190,mount,12
1191,mumbai,12
1192,Mumbai,12
1193,mZdw,12
1194,networks,12
1195,Nikkei,12
1196,Novel,12
1197,NYTParenting,12
1198,operations,12
1199,ordeal,12
1200,parents,12
1201,parks,12
1202,Party,12
1203,Paul,12
1204,politics,12
1205,pregnant,12
1206,preps,12
1207,pretty,12
1208,Prime,12
1209,private,12
1210,protection,12
1211,protesters,12
1212,quotes,12
1213,races,12
1214,ramps,12
1215,reel,12
1216,restricts,12
1217,Return,12
1218,Scott,12
1219,scrapped,12
1220,searches,12
1221,slide,12
1222,slowed,12
1223,soup,12
1224,station,12
1225,stem,12
1226,stethoscope,12
1227,Street,12
1228,strengthening,12
1229,Studies,12
1230,study,12
1231,suddenly,12
1232,supervise,12
1233,teacher,12
1234,Thermal,12
1235,totally,12
1236,Travel,12
1237,trip,12
1238,troubled,12
1239,Tudor,12
1240,tumble,12
1241,underscoring,12
1242,unique,12
1243,videos,12
1244,vitals,12
1245,voice,12
1246,vrAE,12
1247,vulnerabilities,12
1248,waiting,12
1249,WATCH,12
1250,Wife,12
1251,wildlife,12
1252,WILDLIFE,12
1253,win,12
1254,woes,12
1255,women,12
1256,X,12
1257,XcQPwA,12
1258,xUN,12
1259,action,11
1260,admitting,11
1261,After,11
1262,beefs,11
1263,Business,11
1264,call,11
1265,cancelled,11
1266,car,11
1267,charter,11
1268,circulating,11
1269,climbed,11
1270,Committee,11
1271,completed,11
1272,developing,11
1273,exchange,11
1274,express,11
1275,halfway,11
1276,hospitalized,11
1277,Illinois,11
1278,indians,11
1279,investigating,11
1280,Jiangxi,11
1281,Lanka,11
1282,late,11
1283,lead,11
1284,lowest,11
1285,main,11
1286,Michael,11
1287,ministers,11
1288,network,11
1289,overcrowded,11
1290,passenger,11
1291,Passengers,11
1292,postpones,11
1293,READ,11
1294,reportedly,11
1295,Reports,11
1296,rules,11
1297,sealing,11
1298,seek,11
1299,site,11
1300,Sri,11
1301,struggle,11
1302,suspension,11
1303,tracks,11
1304,Transportation,11
1305,While,11
1306,wpTwu,11
1307,access,10
1308,Across,10
1309,adapting,10
1310,b,10
1311,Bird,10
1312,block,10
1313,boarding,10
1314,Boeing,10
1315,Boris,10
1316,brands,10
1317,Breakingviews,10
1318,breathing,10
1319,british,10
1320,broader,10
1321,Cambodia,10
1322,campus,10
1323,carmakers,10
1324,CDCgov,10
1325,Charter,10
1326,Chengdu,10
1327,claims,10
1328,cleaning,10
1329,Cobra,10
1330,cold,10
1331,combined,10
1332,common,10
1333,constantly,10
1334,corona,10
1335,corporate,10
1336,Council,10
1337,cQOhL,10
1338,cram,10
1339,damage,10
1340,dark,10
1341,dasha,10
1342,denies,10
1343,discussing,10
1344,donald,10
1345,Donald,10
1346,driver,10
1347,education,10
1348,effective,10
1349,effectively,10
1350,encountered,10
1351,evacuating,10
1352,evening,10
1353,experiencing,10
1354,extract,10
1355,feel,10
1356,groceries,10
1357,hidden,10
1358,HSBC,10
1359,hubs,10
1360,ICU,10
1361,Inc,10
1362,includes,10
1363,indias,10
1364,jgriffiths,10
1365,jumbo,10
1366,killing,10
1367,levels,10
1368,list,10
1369,Location,10
1370,lows,10
1371,migration,10
1372,Ministers,10
1373,mistake,10
1374,moment,10
1375,moves,10
1376,Multiple,10
1377,nature,10
1378,Nest,10
1379,NewsAlert,10
1380,novelcoronavirus,10
1381,Now,10
1382,NSW,10
1383,Nurses,10
1384,October,10
1385,Official,10
1386,options,10
1387,organization,10
1388,P,10
1389,Panicked,10
1390,patel,10
1391,percent,10
1392,plastic,10
1393,Pod,10
1394,posted,10
1395,priti,10
1396,process,10
1397,providing,10
1398,Q,10
1399,Qhfkc,10
1400,question,10
1401,raising,10
1402,reaching,10
1403,releases,10
1404,RepublicDay,10
1405,respond,10
1406,reuters,10
1407,scared,10
1408,scheme,10
1409,scientist,10
1410,seeking,10
1411,Shoppers,10
1412,signs,10
1413,soar,10
1414,Squawk,10
1415,SquawkCNBC,10
1416,stadium,10
1417,straining,10
1418,strategy,10
1419,supermarket,10
1420,supply,10
1421,swiftly,10
1422,till,10
1423,transparency,10
1424,trump,10
1425,uITcQc,10
1426,understand,10
1427,unity,10
1428,unprecedented,10
1429,urgent,10
1430,vehicles,10
1431,vice,10
1432,wake,10
1433,White,10
1434,xenophobia,10
1435,Xiaowei,10
1436,xiPRA,10
1437,You,10
1438,Affairs,9
1439,appeared,9
1440,astAI,9
1441,Babbage,9
1442,banned,9
1443,bat,9
1444,bigger,9
1445,bln,9
1446,bodies,9
1447,bring,9
1448,Bruised,9
1449,Buzyn,9
1450,carriers,9
1451,channels,9
1452,clearance,9
1453,clock,9
1454,completely,9
1455,continuing,9
1456,contracting,9
1457,cTeG,9
1458,customers,9
1459,customs,9
1460,cXbF,9
1461,DC,9
1462,Deaths,9
1463,decry,9
1464,deepening,9
1465,Delhi,9
1466,deliver,9
1467,Dozens,9
1468,dropped,9
1469,ECAV,9
1470,Embassy,9
1471,enormous,9
1472,enter,9
1473,EQtRV,9
1474,examined,9
1475,explainer,9
1476,External,9
1477,extraordinary,9
1478,facility,9
1479,fees,9
1480,Full,9
1481,GvDXwM,9
1482,Hangzhou,9
1483,hazmat,9
1484,hotel,9
1485,illnesses,9
1486,implemented,9
1487,isolated,9
1488,Jaishankar,9
1489,labelled,9
1490,Learn,9
1491,leisure,9
1492,London,9
1493,maintains,9
1494,management,9
1495,mariyamaguchi,9
1496,meals,9
1497,meets,9
1498,MERS,9
1499,newspaper,9
1500,NI,9
1501,nqpf,9
1502,pace,9
1503,pathetic,9
1504,professionals,9
1505,Quarantined,9
1506,recovered,9
1507,released,9
1508,relevant,9
1509,responsibility,9
1510,review,9
1511,RL,9
1512,RML,9
1513,robots,9
1514,Round,9
1515,sending,9
1516,service,9
1517,sharply,9
1518,shelves,9
1519,shortages,9
1520,soaked,9
1521,soap,9
1522,step,9
1523,sTvt,9
1524,suffering,9
1525,suits,9
1526,surge,9
1527,Suspected,9
1528,sweat,9
1529,ti,9
1530,timeline,9
1531,Together,9
1532,TuDK,9
1533,tumbled,9
1534,underway,9
1535,urging,9
1536,vaccines,9
1537,visit,9
1538,weeks,9
1539,won,9
1540,yesterday,9
1541,AaG,8
1542,acute,8
1543,al,8
1544,alf,8
1545,apne,8
1546,ara,8
1547,arabia,8
1548,aRQpov,8
1549,assistance,8
1550,attempts,8
1551,Auschwitz,8
1552,averse,8
1553,BcggU,8
1554,Big,8
1555,billion,8
1556,BlZuM,8
1557,brought,8
1558,Bryant,8
1559,bus,8
1560,casino,8
1561,Charles,8
1562,Chartered,8
1563,checkpoints,8
1564,Chesh,8
1565,Chinatown,8
1566,CNBCFastMoney,8
1567,CNNOpinion,8
1568,Confirmed,8
1569,cooperation,8
1570,coronarovirus,8
1571,covered,8
1572,crash,8
1573,crisscross,8
1574,critics,8
1575,daily,8
1576,DavidStanway,8
1577,delays,8
1578,demands,8
1579,densely,8
1580,detect,8
1581,development,8
1582,diagnoses,8
1583,discussed,8
1584,DrOz,8
1585,Earth,8
1586,Edinburgh,8
1587,Electronics,8
1588,employee,8
1589,en,8
1590,eradicate,8
1591,event,8
1592,falling,8
1593,FBL,8
1594,fever,8
1595,Financial,8
1596,flood,8
1597,focus,8
1598,Francis,8
1599,FTSE,8
1600,futures,8
1601,ghost,8
1602,Goldman,8
1603,grantshapps,8
1604,Harry,8
1605,Healthy,8
1606,Hebei,8
1607,HeekyongYang,8
1608,HHS,8
1609,His,8
1610,holding,8
1611,horwitzjosh,8
1612,hospitalised,8
1613,Impeachment,8
1614,increasingly,8
1615,Inside,8
1616,J,8
1617,JsXIi,8
1618,Lagos,8
1619,led,8
1620,legend,8
1621,Leishenshan,8
1622,leprosy,8
1623,Lethal,8
1624,losses,8
1625,Macau,8
1626,Man,8
1627,Markets,8
1628,Mike,8
1629,Mongolia,8
1630,Moscow,8
1631,mutate,8
1632,mutated,8
1633,N,8
1634,nepal,8
1635,Nigeria,8
1636,ol,8
1637,outsiders,8
1638,outward,8
1639,Pacific,8
1640,Pandemic,8
1641,parade,8
1642,Patients,8
1643,pfFPC,8
1644,Philippines,8
1645,picture,8
1646,planes,8
1647,players,8
1648,POa,8
1649,PODCAST,8
1650,Pope,8
1651,populated,8
1652,Pressure,8
1653,previous,8
1654,Prince,8
1655,probes,8
1656,program,8
1657,prompting,8
1658,Punjab,8
1659,push,8
1660,pushed,8
1661,quick,8
1662,quoting,8
1663,railway,8
1664,ramping,8
1665,records,8
1666,red,8
1667,refuses,8
1668,Regional,8
1669,request,8
1670,Roman,8
1671,RvBdv,8
1672,RyDrDq,8
1673,saudi,8
1674,Secretary,8
1675,Security,8
1676,Senate,8
1677,session,8
1678,Seventeen,8
1679,sharper,8
1680,SiobhanRobbins,8
1681,speed,8
1682,spotlight,8
1683,Spread,8
1684,SquawkStreet,8
1685,Standard,8
1686,suggests,8
1687,survived,8
1688,Sydney,8
1689,sYHlNu,8
1690,Symptoms,8
1691,syndrome,8
1692,tAkacX,8
1693,talk,8
1694,talking,8
1695,TGNOl,8
1696,These,8
1697,Those,8
1698,THREAD,8
1699,throat,8
1700,tiEBw,8
1701,tied,8
1702,Toll,8
1703,tough,8
1704,transit,8
1705,Treasury,8
1706,uncertainty,8
1707,Under,8
1708,unwanted,8
1709,villages,8
1710,viruses,8
1711,visitors,8
1712,widens,8
1713,WSJheard,8
1714,xmrN,8
1715,yananw,8
1716,ybDO,8
1717,yields,8
1718,yq,8
1719,ZaL,8
1720,ZsOOp,8
1721,abandoned,7
1722,Adhanom,7
1723,adversity,7
1724,Agn,7
1725,aHNjn,7
1726,aiming,7
1727,alcohol,7
1728,Almost,7
1729,amidst,7
1730,angry,7
1731,announces,7
1732,Atlanta,7
1733,attempt,7
1734,avoiding,7
1735,Azar,7
1736,bolster,7
1737,campuses,7
1738,Center,7
1739,chant,7
1740,classes,7
1741,closure,7
1742,command,7
1743,comments,7
1744,committees,7
1745,Communist,7
1746,complicated,7
1747,coughing,7
1748,CwA,7
1749,dad,7
1750,deeper,7
1751,departs,7
1752,Details,7
1753,Duke,7
1754,efV,7
1755,Eight,7
1756,Ellde,7
1757,encouraged,7
1758,epidemics,7
1759,ET,7
1760,ethical,7
1761,eVRJ,7
1762,fanning,7
1763,faster,7
1764,ferries,7
1765,FLdF,7
1766,flew,7
1767,free,7
1768,frequent,7
1769,frontline,7
1770,Ghebreyesus,7
1771,Ghost,7
1772,globalization,7
1773,Guterres,7
1774,Han,7
1775,handed,7
1776,HauZN,7
1777,heritage,7
1778,holds,7
1779,housework,7
1780,hTBrl,7
1781,hunts,7
1782,ill,7
1783,Indoors,7
1784,Jiayou,7
1785,JkIcu,7
1786,joins,7
1787,joint,7
1788,joom,7
1789,jump,7
1790,kicks,7
1791,Kunshan,7
1792,landing,7
1793,laurabundock,7
1794,law,7
1795,lethal,7
1796,LgOzR,7
1797,limited,7
1798,Lushan,7
1799,Macao,7
1800,mammal,7
1801,map,7
1802,McDonalds,7
1803,midst,7
1804,mild,7
1805,Mingzhe,7
1806,MlSy,7
1807,Moody,7
1808,motor,7
1809,Mount,7
1810,neighboring,7
1811,NFrjg,7
1812,offered,7
1813,Opinion,7
1814,Outbreak,7
1815,overnight,7
1816,persons,7
1817,postponed,7
1818,preventative,7
1819,priority,7
1820,pupil,7
1821,pyGad,7
1822,QrX,7
1823,QUARANTINED,7
1824,queries,7
1825,rely,7
1826,remarkable,7
1827,RiWwuA,7
1828,rNuf,7
1829,rQx,7
1830,rRRN,7
1831,rub,7
1832,RzVmr,7
1833,safely,7
1834,scrambled,7
1835,semester,7
1836,Shares,7
1837,Shenzhen,7
1838,shouts,7
1839,slowdown,7
1840,Soup,7
1841,stage,7
1842,Stay,7
1843,stocking,7
1844,stressed,7
1845,supermarkets,7
1846,sUyVH,7
1847,tactic,7
1848,Taxi,7
1849,Tedros,7
1850,Tests,7
1851,ThingstoKnow,7
1852,Thirty,7
1853,tightens,7
1854,tnFcI,7
1855,Trapped,7
1856,travelled,7
1857,TTCit,7
1858,unbelievable,7
1859,unclear,7
1860,undergo,7
1861,understands,7
1862,undertaking,7
1863,UNESCO,7
1864,upgrades,7
1865,Victoria,7
1866,VongK,7
1867,vow,7
1868,water,7
1869,wef,7
1870,WtMJP,7
1871,xb,7
1872,YjI,7
1873,YrES,7
1874,Zhejiang,7
1875,zOQyw,7
1876,aafif,6
1877,abBlg,6
1878,actions,6
1879,activates,6
1880,adamsmiller,6
1881,adds,6
1882,administration,6
1883,ago,6
1884,agricultural,6
1885,ahirtens,6
1886,AIDS,6
1887,airplanes,6
1888,allegedly,6
1889,ALow,6
1890,americans,6
1891,amount,6
1892,analyst,6
1893,Analysts,6
1894,announcing,6
1895,answering,6
1896,Antarctica,6
1897,Anyone,6
1898,App,6
1899,arising,6
1900,arming,6
1901,Armitt,6
1902,arranging,6
1903,Aseer,6
1904,assess,6
1905,atmosphere,6
1906,avDfNQ,6
1907,azhiz,6
1908,bars,6
1909,baseless,6
1910,basketball,6
1911,bathroom,6
1912,BATS,6
1913,battlefield,6
1914,Bavarian,6
1915,bbc,6
1916,BBC,6
1917,behave,6
1918,Bgxc,6
1919,board,6
1920,boredom,6
1921,boss,6
1922,boxes,6
1923,braces,6
1924,breaking,6
1925,Brief,6
1926,briefed,6
1927,broadens,6
1928,bureaucracy,6
1929,byNF,6
1930,canceling,6
1931,casualty,6
1932,catastrophe,6
1933,caterinasoave,6
1934,Cathay,6
1935,celebrate,6
1936,censors,6
1937,ceremony,6
1938,challenge,6
1939,challenges,6
1940,changing,6
1941,chaos,6
1942,checking,6
1943,Chernobyl,6
1944,Christian,6
1945,Cirque,6
1946,civil,6
1947,Cockburn,6
1948,columnist,6
1949,Commissioner,6
1950,Companies,6
1951,comparing,6
1952,Concerns,6
1953,confronted,6
1954,Conservative,6
1955,conspiracy,6
1956,convert,6
1957,CoronaOutbreak,6
1958,CoronovirusOutbreak,6
1959,Correspondent,6
1960,Criticism,6
1961,Cruise,6
1962,csd,6
1963,currency,6
1964,CWlo,6
1965,Daily,6
1966,Danish,6
1967,dashboard,6
1968,decade,6
1969,defends,6
1970,delegation,6
1971,disclosed,6
1972,discusses,6
1973,disrupted,6
1974,dissent,6
1975,DkKu,6
1976,dodging,6
1977,donates,6
1978,downloads,6
1979,dramatic,6
1980,Drastic,6
1981,drops,6
1982,drugs,6
1983,Drugs,6
1984,du,6
1985,duty,6
1986,dVXT,6
1987,ear,6
1988,easily,6
1989,econ,6
1990,economies,6
1991,emerges,6
1992,emphasized,6
1993,ensure,6
1994,entire,6
1995,environmental,6
1996,EOxWoB,6
1997,Erin,6
1998,establishes,6
1999,executive,6
2000,exposing,6
2001,extend,6
2002,extent,6
2003,Ezhou,6
2004,faith,6
2005,falls,6
2006,fbam,6
2007,fearing,6
2008,feeling,6
2009,fill,6
2010,films,6
2011,fIQxIY,6
2012,footprints,6
2013,forcing,6
2014,Foshan,6
2015,fuel,6
2016,fueled,6
2017,gains,6
2018,GeiD,6
2019,German,6
2020,giants,6
2021,GoROu,6
2022,gourmands,6
2023,govt,6
2024,granting,6
2025,grapples,6
2026,Greta,6
2027,gripped,6
2028,grossly,6
2029,hamper,6
2030,hasn,6
2031,havoc,6
2032,HDpC,6
2033,headquarters,6
2034,heat,6
2035,Heightened,6
2036,helped,6
2037,hide,6
2038,highs,6
2039,hong,6
2040,hopeful,6
2041,hopes,6
2042,housing,6
2043,hubei,6
2044,Human,6
2045,hurt,6
2046,image,6
2047,imaging,6
2048,ImpeachmentTrial,6
2049,impose,6
2050,Infected,6
2051,info,6
2052,inspection,6
2053,instituting,6
2054,investigated,6
2055,Irish,6
2056,Its,6
2057,JamesTGallagher,6
2058,japan,6
2059,Jeff,6
2060,jgjb,6
2061,JimCramer,6
2062,Joe,6
2063,journalists,6
2064,junior,6
2065,JYnCK,6
2066,karenpaulscbc,6
2067,Kobe,6
2068,kong,6
2069,Lab,6
2070,landmarks,6
2071,lasts,6
2072,launch,6
2073,LcJK,6
2074,leaders,6
2075,limits,6
2076,linking,6
2077,liyuan,6
2078,lmXSU,6
2079,lockdowns,6
2080,losing,6
2081,lot,6
2082,lots,6
2083,ltcx,6
2084,lying,6
2085,machine,6
2086,MacKay,6
2087,majohns,6
2088,makers,6
2089,marking,6
2090,Max,6
2091,Maybe,6
2092,memories,6
2093,message,6
2094,Michigan,6
2095,Microbiology,6
2096,milder,6
2097,minor,6
2098,mobilizes,6
2099,Modi,6
2100,Mohali,6
2101,Morning,6
2102,movement,6
2103,Munich,6
2104,names,6
2105,Nasdaq,6
2106,nearest,6
2107,newsletter,6
2108,ninth,6
2109,NNfdEg,6
2110,normal,6
2111,NUGpkL,6
2112,O,6
2113,OfgPXV,6
2114,operators,6
2115,Oscar,6
2116,overburdened,6
2117,owned,6
2118,pacific,6
2119,Patel,6
2120,Patrick,6
2121,Paying,6
2122,performance,6
2123,performances,6
2124,permanent,6
2125,Person,6
2126,Peter,6
2127,pile,6
2128,plagued,6
2129,plants,6
2130,plunge,6
2131,pneumonialike,6
2132,police,6
2133,policemen,6
2134,polio,6
2135,POLw,6
2136,pop,6
2137,pose,6
2138,pouring,6
2139,Ppv,6
2140,predicts,6
2141,preliminary,6
2142,preserving,6
2143,Pretty,6
2144,prime,6
2145,Priti,6
2146,privately,6
2147,producers,6
2148,products,6
2149,progress,6
2150,prohibit,6
2151,prolonged,6
2152,proper,6
2153,pulling,6
2154,QB,6
2155,qgFdd,6
2156,racing,6
2157,racist,6
2158,range,6
2159,readiness,6
2160,recession,6
2161,referring,6
2162,relatives,6
2163,relying,6
2164,reminds,6
2165,repeat,6
2166,reporters,6
2167,residential,6
2168,responded,6
2169,restricted,6
2170,Returned,6
2171,REyJh,6
2172,rFDi,6
2173,riddled,6
2174,rml,6
2175,RnMM,6
2176,ROKjgc,6
2177,RPUaCf,6
2178,rundown,6
2179,rural,6
2180,Russian,6
2181,RyMta,6
2182,safe,6
2183,sale,6
2184,Save,6
2185,scary,6
2186,Scottish,6
2187,sdzrw,6
2188,security,6
2189,Several,6
2190,sGDy,6
2191,sGNyb,6
2192,shakes,6
2193,shanghai,6
2194,She,6
2195,sickening,6
2196,sixth,6
2197,size,6
2198,slowing,6
2199,slumped,6
2200,SNAKES,6
2201,soared,6
2202,Soleil,6
2203,sources,6
2204,specialist,6
2205,speeding,6
2206,squelch,6
2207,stability,6
2208,stems,6
2209,Stock,6
2210,stoking,6
2211,Stop,6
2212,Store,6
2213,strong,6
2214,suffer,6
2215,suspect,6
2216,suspending,6
2217,tackle,6
2218,tanked,6
2219,tapped,6
2220,tens,6
2221,theory,6
2222,Thread,6
2223,threatening,6
2224,Thunberg,6
2225,tighten,6
2226,times,6
2227,TKPwL,6
2228,Toole,6
2229,torched,6
2230,Total,6
2231,touch,6
2232,TQaRQE,6
2233,transfered,6
2234,transparent,6
2235,Transport,6
2236,tribute,6
2237,tripled,6
2238,trouble,6
2239,tVD,6
2240,tweets,6
2241,UA,6
2242,ueyn,6
2243,underestimated,6
2244,undergrads,6
2245,uphwGY,6
2246,upped,6
2247,urban,6
2248,uRPDp,6
2249,usK,6
2250,vacuum,6
2251,vigilance,6
2252,villagers,6
2253,visa,6
2254,visas,6
2255,vowed,6
2256,voyages,6
2257,vtLUjX,6
2258,vVEqK,6
2259,washingtonpost,6
2260,weaken,6
2261,weakened,6
2262,weigh,6
2263,West,6
2264,Why,6
2265,Winnipeg,6
2266,wipe,6
2267,wiping,6
2268,wreaked,6
2269,WSJopinion,6
2270,wUUD,6
2271,xi,6
2272,xJCj,6
2273,xnz,6
2274,yates,6
2275,Yg,6
2276,Your,6
2277,ysl,6
2278,zaxn,6
2279,zone,6
2280,Abs,5
2281,afield,5
2282,Air,5
2283,aJPXIP,5
2284,Al,5
2285,Allow,5
2286,amm,5
2287,Andrea,5
2288,andrealeadsom,5
2289,Anger,5
2290,answer,5
2291,aqm,5
2292,army,5
2293,Arrivals,5
2294,asq,5
2295,avh,5
2296,awi,5
2297,baffling,5
2298,Bahrain,5
2299,balconies,5
2300,Bangladesh,5
2301,beat,5
2302,Bociurkiw,5
2303,Bordeaux,5
2304,broadened,5
2305,busy,5
2306,calm,5
2307,candidates,5
2308,capability,5
2309,catecadell,5
2310,chance,5
2311,Chunlan,5
2312,Click,5
2313,Closed,5
2314,commodities,5
2315,conquer,5
2316,considerably,5
2317,constitute,5
2318,Consulate,5
2319,CORONAVIRUS,5
2320,Correction,5
2321,corridors,5
2322,count,5
2323,countrywide,5
2324,court,5
2325,CPC,5
2326,Dca,5
2327,Dejevsky,5
2328,departed,5
2329,Deserted,5
2330,details,5
2331,devoid,5
2332,diagnostic,5
2333,discourage,5
2334,disturbing,5
2335,Doctors,5
2336,downgrade,5
2337,eats,5
2338,Eerie,5
2339,embodies,5
2340,End,5
2341,enhanced,5
2342,entries,5
2343,escape,5
2344,evaluate,5
2345,Eve,5
2346,Executive,5
2347,Experts,5
2348,Federal,5
2349,findings,5
2350,forces,5
2351,foreigners,5
2352,GFQrE,5
2353,Go,5
2354,greet,5
2355,grinding,5
2356,Guangdong,5
2357,guided,5
2358,GwPS,5
2359,happened,5
2360,harbors,5
2361,HcxC,5
2362,Healthcare,5
2363,highways,5
2364,Hit,5
2365,HKQr,5
2366,hoaMA,5
2367,host,5
2368,hub,5
2369,hunting,5
2370,iALwz,5
2371,imposed,5
2372,indefinite,5
2373,industrial,5
2374,internet,5
2375,involves,5
2376,japanese,5
2377,Jun,5
2378,Jwy,5
2379,keqiang,5
2380,KHJ,5
2381,kkhWW,5
2382,KleqA,5
2383,Laos,5
2384,Leadsom,5
2385,LI,5
2386,lift,5
2387,loaded,5
2388,Local,5
2389,LRpMC,5
2390,lRUa,5
2391,majority,5
2392,Make,5
2393,manufacture,5
2394,Mary,5
2395,mayhem,5
2396,measured,5
2397,minimal,5
2398,move,5
2399,mpQA,5
2400,mulls,5
2401,multiple,5
2402,Museum,5
2403,Myanmar,5
2404,NBC,5
2405,neighbouring,5
2406,NjNI,5
2407,Nobody,5
2408,nQxYl,5
2409,Nurse,5
2410,NVpKxk,5
2411,OdCt,5
2412,Op,5
2413,operationalised,5
2414,Orange,5
2415,organizations,5
2416,outskirts,5
2417,oVNvV,5
2418,OYHFn,5
2419,package,5
2420,pain,5
2421,park,5
2422,pdbmwiR,5
2423,Penn,5
2424,Philadelphia,5
2425,photos,5
2426,plug,5
2427,po,5
2428,poverty,5
2429,powerhouse,5
2430,protein,5
2431,publish,5
2432,pulled,5
2433,pulls,5
2434,pxms,5
2435,Quiet,5
2436,Rat,5
2437,Rd,5
2438,reaction,5
2439,receiving,5
2440,recommendation,5
2441,regional,5
2442,reopen,5
2443,Resort,5
2444,resources,5
2445,RgUE,5
2446,River,5
2447,Rome,5
2448,routinely,5
2449,RoWF,5
2450,RPNiEX,5
2451,Scenes,5
2452,School,5
2453,Screening,5
2454,select,5
2455,ships,5
2456,shops,5
2457,sHsb,5
2458,singing,5
2459,sit,5
2460,soars,5
2461,solidarity,5
2462,spark,5
2463,spirits,5
2464,statistics,5
2465,STORY,5
2466,StsCM,5
2467,subways,5
2468,Sun,5
2469,Supplies,5
2470,surfaced,5
2471,sWaNK,5
2472,symptomatic,5
2473,Tales,5
2474,talked,5
2475,Tarik,5
2476,therapeutic,5
2477,thirties,5
2478,THnl,5
2479,Thousands,5
2480,timelapse,5
2481,tour,5
2482,TOyysJ,5
2483,Tracking,5
2484,traffic,5
2485,TRAPPED,5
2486,TRrQSH,5
2487,Turkey,5
2488,tYNutx,5
2489,uayik,5
2490,uCnDK,5
2491,Uganda,5
2492,Ujjain,5
2493,unwell,5
2494,Upon,5
2495,Urges,5
2496,valuable,5
2497,vfXZ,5
2498,Vice,5
2499,VIDEO,5
2500,viY,5
2501,vLuz,5
2502,waiving,5
2503,western,5
2504,wide,5
2505,widget,5
2506,William,5
2507,withholding,5
2508,workload,5
2509,worrying,5
2510,XdiQR,5
2511,Xianwang,5
2512,Yangtze,5
2513,ykXLz,5
2514,yOAse,5
2515,Zambia,5
2516,Zhou,5
2517,zrggh,5
2518,aaJ,4
2519,aALPLf,4
2520,Abraham,4
2521,abundant,4
2522,abuse,4
2523,accelerate,4
2524,accelerates,4
2525,aCLPKP,4
2526,acquitted,4
2527,aDJkIk,4
2528,aDmAIa,4
2529,admit,4
2530,admitted,4
2531,adult,4
2532,advertido,4
2533,advised,4
2534,afe,4
2535,AfhQ,4
2536,afraid,4
2537,African,4
2538,agnZv,4
2539,ahead,4
2540,aHmM,4
2541,Ahora,4
2542,aHpd,4
2543,Ahuja,4
2544,akj,4
2545,Alarms,4
2546,allowed,4
2547,Also,4
2548,aLTDKr,4
2549,aLuz,4
2550,Am,4
2551,AmQpK,4
2552,aMRbmH,4
2553,aMzVxZ,4
2554,analysts,4
2555,Animal,4
2556,Anjana,4
2557,anniversary,4
2558,answered,4
2559,antes,4
2560,Anxieties,4
2561,apg,4
2562,apparent,4
2563,appearing,4
2564,application,4
2565,approves,4
2566,APThingstoKnow,4
2567,aq,4
2568,aQXDJE,4
2569,arf,4
2570,arrivals,4
2571,article,4
2572,arts,4
2573,Ask,4
2574,asp,4
2575,assets,4
2576,Association,4
2577,attempting,4
2578,Attendants,4
2579,auq,4
2580,Australians,4
2581,authoritarianism,4
2582,Authority,4
2583,auto,4
2584,automakers,4
2585,auv,4
2586,Average,4
2587,averages,4
2588,aversion,4
2589,avj,4
2590,avoided,4
2591,await,4
2592,axUQoA,4
2593,azNmRZ,4
2594,bA,4
2595,BA,4
2596,baby,4
2597,barricades,4
2598,barricading,4
2599,battered,4
2600,battling,4
2601,BD,4
2602,beating,4
2603,Bengaluru,4
2604,Berlin,4
2605,bets,4
2606,bhubaneswar,4
2607,Bhubaneswar,4
2608,binary,4
2609,Biotech,4
2610,biotechnology,4
2611,BiPq,4
2612,birth,4
2613,blamed,4
2614,BmUvJ,4
2615,boasting,4
2616,BQn,4
2617,brace,4
2618,breakdown,4
2619,Brihanmumbai,4
2620,britain,4
2621,britons,4
2622,broke,4
2623,Businesses,4
2624,cada,4
2625,caesarean,4
2626,california,4
2627,Call,4
2628,Calls,4
2629,canada,4
2630,capable,4
2631,capacidad,4
2632,capacity,4
2633,carefully,4
2634,carlquintanilla,4
2635,carried,4
2636,carrier,4
2637,carrying,4
2638,Case,4
2639,Cases,4
2640,catching,4
2641,caution,4
2642,cautioned,4
2643,cautiously,4
2644,celebrates,4
2645,centers,4
2646,Centre,4
2647,CHAH,4
2648,Chandigarh,4
2649,change,4
2650,charities,4
2651,Chennai,4
2652,chiefs,4
2653,chill,4
2654,choppers,4
2655,ChPilgrim,4
2656,cinema,4
2657,cirus,4
2658,citywide,4
2659,climax,4
2660,closely,4
2661,Closely,4
2662,closer,4
2663,clothing,4
2664,Cloud,4
2665,Cmte,4
2666,cNDaxZr,4
2667,COBRA,4
2668,cobras,4
2669,college,4
2670,Columnist,4
2671,commentator,4
2672,complacency,4
2673,conclusion,4
2674,conducts,4
2675,Confirmation,4
2676,Congressman,4
2677,consequences,4
2678,construct,4
2679,contagio,4
2680,continent,4
2681,continents,4
2682,continuous,4
2683,convened,4
2684,coping,4
2685,core,4
2686,Corporation,4
2687,corrects,4
2688,costs,4
2689,Could,4
2690,coyae,4
2691,Crace,4
2692,cranks,4
2693,creates,4
2694,crew,4
2695,CrKCs,4
2696,crossings,4
2697,crown,4
2698,CSMI,4
2699,cured,4
2700,cuts,4
2701,cutting,4
2702,Daddy,4
2703,damaging,4
2704,DannyBoyle,4
2705,daughter,4
2706,Dave,4
2707,DavidFaber,4
2708,decline,4
2709,declined,4
2710,decriminalised,4
2711,defeat,4
2712,defeating,4
2713,del,4
2714,deliberation,4
2715,delivered,4
2716,depending,4
2717,designed,4
2718,DETAILS,4
2719,develop,4
2720,Developing,4
2721,device,4
2722,diapers,4
2723,differences,4
2724,difficulty,4
2725,directly,4
2726,disaster,4
2727,Disneytown,4
2728,distance,4
2729,Division,4
2730,dl,4
2731,domestic,4
2732,Don,4
2733,dragged,4
2734,drags,4
2735,drastic,4
2736,dumped,4
2737,Dunn,4
2738,EafO,4
2739,earthquake,4
2740,eating,4
2741,ebbb,4
2742,Editorial,4
2743,eGdmK,4
2744,Egyptian,4
2745,el,4
2746,eliminated,4
2747,Elizabeth,4
2748,ELym,4
2749,em,4
2750,Emerged,4
2751,emergence,4
2752,enacting,4
2753,endeavored,4
2754,envoy,4
2755,ER,4
2756,ERbZsV,4
2757,es,4
2758,escalation,4
2759,espa,4
2760,Espa,4
2761,Eswar,4
2762,EU,4
2763,europe,4
2764,evading,4
2765,Events,4
2766,evidence,4
2767,Ex,4
2768,exposed,4
2769,extending,4
2770,extensive,4
2771,extradition,4
2772,eye,4
2773,EyqA,4
2774,eZTnTD,4
2775,fa,4
2776,Face,4
2777,facebook,4
2778,factories,4
2779,factors,4
2780,fairs,4
2781,Fed,4
2782,fidget,4
2783,fighter,4
2784,fire,4
2785,firm,4
2786,firms,4
2787,Firstly,4
2788,flag,4
2789,Flight,4
2790,flourish,4
2791,foiRObQ,4
2792,Following,4
2793,Ford,4
2794,formal,4
2795,Fourth,4
2796,frontlines,4
2797,furious,4
2798,FUulh,4
2799,FyOI,4
2800,games,4
2801,Gardam,4
2802,GBgKsZ,4
2803,GbYDdc,4
2804,GcAfL,4
2805,gears,4
2806,girds,4
2807,girl,4
2808,gJiS,4
2809,Gjkg,4
2810,Gjta,4
2811,Gkkux,4
2812,GopLFJ,4
2813,Gospvh,4
2814,Gov,4
2815,GqJDrT,4
2816,grapple,4
2817,grappling,4
2818,grew,4
2819,grounded,4
2820,Guardian,4
2821,guide,4
2822,GwQwI,4
2823,gydqZY,4
2824,gye,4
2825,gym,4
2826,ha,4
2827,halting,4
2828,halve,4
2829,hancock,4
2830,Harrowing,4
2831,Harvey,4
2832,haven,4
2833,Head,4
2834,heath,4
2835,held,4
2836,History,4
2837,Homeland,4
2838,hotels,4
2839,hurting,4
2840,husband,4
2841,hyderabad,4
2842,Hyderabad,4
2843,i,4
2844,ia,4
2845,iankingsky,4
2846,IAuy,4
2847,Il,4
2848,images,4
2849,IMF,4
2850,Impact,4
2851,impacted,4
2852,inbox,4
2853,Including,4
2854,incurring,4
2855,indefinitely,4
2856,Industrial,4
2857,injured,4
2858,Inslee,4
2859,instruments,4
2860,inter,4
2861,internationally,4
2862,introduce,4
2863,inundated,4
2864,investigates,4
2865,IOC,4
2866,iphone,4
2867,Island,4
2868,iSliaW,4
2869,iTUeP,4
2870,IUCzA,4
2871,jaishankar,4
2872,JamesMatthewSky,4
2873,Jay,4
2874,jet,4
2875,John,4
2876,JRoNCXY,4
2877,jssi,4
2878,K,4
2879,KFpF,4
2880,killer,4
2881,kindergartens,4
2882,Kindergartens,4
2883,kmMB,4
2884,kno,4
2885,Kochi,4
2886,Kolkata,4
2887,Korean,4
2888,koustavsamanta,4
2889,KPgrEi,4
2890,ksp,4
2891,KV,4
2892,la,4
2893,lawyers,4
2894,LdkV,4
2895,Lead,4
2896,Leaks,4
2897,leash,4
2898,Lebeaucarnews,4
2899,Lewis,4
2900,LgmJM,4
2901,Libya,4
2902,Lindmeier,4
2903,lived,4
2904,LJtaT,4
2905,LKA,4
2906,LMik,4
2907,logs,4
2908,los,4
2909,LrKB,4
2910,lsAmW,4
2911,ltr,4
2912,Luanda,4
2913,Luckin,4
2914,Luxury,4
2915,lVjqn,4
2916,male,4
2917,mapped,4
2918,Matildas,4
2919,matt,4
2920,Mayor,4
2921,MbSxr,4
2922,MEA,4
2923,medic,4
2924,midnight,4
2925,Million,4
2926,Millions,4
2927,Misinformation,4
2928,Mnuchin,4
2929,mode,4
2930,Moderna,4
2931,module,4
2932,mom,4
2933,monitored,4
2934,Monitoring,4
2935,monitors,4
2936,monster,4
2937,mortal,4
2938,moved,4
2939,MtXNX,4
2940,mummy,4
2941,Municipal,4
2942,Munoz,4
2943,MXDpg,4
2944,NDRqXg,4
2945,NDTVLeadStory,4
2946,neighbors,4
2947,Nelson,4
2948,NHS,4
2949,night,4
2950,NooUDb,4
2951,NpEHTQ,4
2952,ntomas,4
2953,NTpQX,4
2954,NUlCr,4
2955,nurses,4
2956,NvfvPV,4
2957,NXhZ,4
2958,Oacx,4
2959,OawpH,4
2960,Oceanian,4
2961,ocurrir,4
2962,Of,4
2963,offences,4
2964,officers,4
2965,Ofs,4
2966,oHkRY,4
2967,Olympics,4
2968,Ope,4
2969,openness,4
2970,operation,4
2971,opinion,4
2972,opportunities,4
2973,organizing,4
2974,originating,4
2975,OSQeH,4
2976,overcoming,4
2977,oversees,4
2978,overview,4
2979,Ovx,4
2980,pajama,4
2981,Palace,4
2982,panel,4
2983,partner,4
2984,party,4
2985,passport,4
2986,pathogens,4
2987,pct,4
2988,Perspective,4
2989,perverse,4
2990,Pharmacies,4
2991,PHEIC,4
2992,piece,4
2993,Pinarayi,4
2994,plague,4
2995,playbook,4
2996,pLh,4
2997,plw,4
2998,podfollow,4
2999,Police,4
3000,pondered,4
3001,position,4
3002,posting,4
3003,Potala,4
3004,Prasad,4
3005,premature,4
3006,Pres,4
3007,presence,4
3008,presentar,4
3009,presumed,4
3010,price,4
3011,Production,4
3012,profile,4
3013,prominent,4
3014,propagaci,4
3015,provinces,4
3016,pT,4
3017,publishing,4
3018,puede,4
3019,puedes,4
3020,pull,4
3021,pullback,4
3022,pune,4
3023,Pune,4
3024,punishes,4
3025,punjab,4
3026,pvS,4
3027,PWTs,4
3028,QD,4
3029,qfzzv,4
3030,qiZd,4
3031,qjvb,4
3032,qualifiers,4
3033,Quarantine,4
3034,qVkWUV,4
3035,qwu,4
3036,QyrQI,4
3037,Qz,4
3038,Raghu,4
3039,raise,4
3040,Rajasthan,4
3041,ramifications,4
3042,rape,4
3043,RAqslT,4
3044,rattles,4
3045,RBtyGt,4
3046,RDiB,4
3047,reassure,4
3048,recertification,4
3049,recipe,4
3050,Reconsider,4
3051,reconvene,4
3052,recovery,4
3053,recreate,4
3054,reducing,4
3055,reductions,4
3056,renewed,4
3057,represents,4
3058,republic,4
3059,resist,4
3060,restart,4
3061,restriction,4
3062,restrictive,4
3063,resumes,4
3064,retailers,4
3065,returns,4
3066,reveals,4
3067,reversal,4
3068,revolutionise,4
3069,RgBvA,4
3070,ripple,4
3071,rips,4
3072,Rise,4
3073,RKQXS,4
3074,RlPaj,4
3075,Rlxbv,4
3076,Rmhxo,4
3077,Rnw,4
3078,roads,4
3079,rocked,4
3080,roiled,4
3081,roll,4
3082,RosaT,4
3083,Roughly,4
3084,RrimMh,4
3085,RrllV,4
3086,RsXrIC,4
3087,RtnCz,4
3088,RuHGRy,4
3089,rushing,4
3090,RVoF,4
3091,RwXOSR,4
3092,RwYtn,4
3093,RyBmZx,4
3094,RyiWb,4
3095,RZQjw,4
3096,Sachs,4
3097,sales,4
3098,Sara,4
3099,save,4
3100,Says,4
3101,sc,4
3102,Scare,4
3103,sdcXvL,4
3104,Sec,4
3105,sector,4
3106,sectors,4
3107,selling,4
3108,Senators,4
3109,sensors,4
3110,separated,4
3111,servie,4
3112,severity,4
3113,shake,4
3114,share,4
3115,sharing,4
3116,Sharma,4
3117,shave,4
3118,shift,4
3119,shutters,4
3120,sick,4
3121,Sign,4
3122,signal,4
3123,Significant,4
3124,silences,4
3125,sink,4
3126,sIxWJT,4
3127,skeptical,4
3128,skynewsdaily,4
3129,SkyOceanRescue,4
3130,sleep,4
3131,slumps,4
3132,sMcnxeC,4
3133,sn,4
3134,sNaxXM,4
3135,snjk,4
3136,Source,4
3137,south,4
3138,southern,4
3139,space,4
3140,sparks,4
3141,spiked,4
3142,spikes,4
3143,spinners,4
3144,spoke,4
3145,spooks,4
3146,SqTDt,4
3147,sRNjQi,4
3148,sSdHYIQ,4
3149,stemming,4
3150,steveliesman,4
3151,store,4
3152,Story,4
3153,street,4
3154,stricter,4
3155,Stricter,4
3156,subsidies,4
3157,sufferers,4
3158,supplier,4
3159,surface,4
3160,surges,4
3161,surpasses,4
3162,surveillance,4
3163,suspects,4
3164,sUvoZd,4
3165,sweeping,4
3166,tally,4
3167,tBGHGa,4
3168,tBYvx,4
3169,tcmq,4
3170,tech,4
3171,technology,4
3172,Temple,4
3173,Tesco,4
3174,TgCC,4
3175,thanking,4
3176,TheChrisPrice,4
3177,thieves,4
3178,Third,4
3179,Thomas,4
3180,tIBfS,4
3181,tight,4
3182,Tim,4
3183,TKDLS,4
3184,TKmuY,4
3185,tLDGDr,4
3186,tNhV,4
3187,tolls,4
3188,tOrsh,4
3189,touts,4
3190,traced,4
3191,tract,4
3192,traded,4
3193,Travellers,4
3194,treatments,4
3195,troubling,4
3196,trust,4
3197,trusts,4
3198,tRvQIi,4
3199,tumbles,4
3200,turnaround,4
3201,TVsH,4
3202,Twenty,4
3203,tXesV,4
3204,TXVHZD,4
3205,TYBxik,4
3206,TYITCv,4
3207,types,4
3208,TZKBI,4
3209,UgnH,4
3210,UhIoX,4
3211,uhMiS,4
3212,uILHJ,4
3213,UivU,4
3214,Ultimately,4
3215,UMhfS,4
3216,underestimating,4
3217,understood,4
3218,union,4
3219,Union,4
3220,united,4
3221,UnitedStates,4
3222,unraveling,4
3223,unveils,4
3224,upend,4
3225,upending,4
3226,UqTaM,4
3227,USA,4
3228,usual,4
3229,utGEfq,4
3230,UUfkj,4
3231,uVKio,4
3232,uwbO,4
3233,uxAif,4
3234,vafv,4
3235,Vancouver,4
3236,vcku,4
3237,veer,4
3238,ver,4
3239,Very,4
3240,vez,4
3241,vgSnf,4
3242,vHZBl,4
3243,victim,4
3244,VIDEOS,4
3245,view,4
3246,Vijayan,4
3247,Villages,4
3248,visual,4
3249,VlIZLCx,4
3250,vnsiho,4
3251,volatile,4
3252,volume,4
3253,voOSv,4
3254,vows,4
3255,vQntg,4
3256,vsXFak,4
3257,vuJa,4
3258,wall,4
3259,walls,4
3260,Walt,4
3261,Warren,4
3262,watchdog,4
3263,Wb,4
3264,wears,4
3265,Webasto,4
3266,Weinstein,4
3267,Who,4
3268,willingness,4
3269,windfall,4
3270,winnnni,4
3271,witnesses,4
3272,Woman,4
3273,Worries,4
3274,worsens,4
3275,wrongly,4
3276,xjsM,4
3277,xVKNW,4
3278,xYx,4
3279,yaTth,4
3280,yopi,4
3281,yrlAT,4
3282,ZMIZa,4
3283,zmkk,4
3284,Zu,4
3285,zWDE,4
3286,account,3
3287,accounted,3
3288,Administration,3
3289,aisles,3
3290,aKWdQB,3
3291,Alex,3
3292,apo,3
3293,arguments,3
3294,aub,3
3295,azFjEJ,3
3296,Azraqi,3
3297,B,3
3298,broadly,3
3299,bulldozers,3
3300,buy,3
3301,C,3
3302,cars,3
3303,catches,3
3304,CfXmb,3
3305,Chairman,3
3306,Channel,3
3307,chartered,3
3308,cheated,3
3309,cheer,3
3310,ChineseNewYear,3
3311,choose,3
3312,clarifies,3
3313,Clark,3
3314,Clorox,3
3315,coach,3
3316,Colgate,3
3317,College,3
3318,Command,3
3319,concluded,3
3320,congestion,3
3321,counts,3
3322,credit,3
3323,decides,3
3324,deep,3
3325,Democrats,3
3326,depart,3
3327,departing,3
3328,DerekGatherer,3
3329,detail,3
3330,determined,3
3331,diagnose,3
3332,diggers,3
3333,disappointing,3
3334,disclose,3
3335,dismal,3
3336,doubles,3
3337,Drug,3
3338,dW,3
3339,dY,3
3340,Each,3
3341,eFxq,3
3342,ElyHQfY,3
3343,encourage,3
3344,eq,3
3345,eQ,3
3346,estimated,3
3347,everyday,3
3348,eX,3
3349,expat,3
3350,explain,3
3351,facilities,3
3352,fish,3
3353,fKrdI,3
3354,Food,3
3355,force,3
3356,Gamble,3
3357,Garrett,3
3358,gatherings,3
3359,General,3
3360,genocide,3
3361,governance,3
3362,GtfN,3
3363,guard,3
3364,Howard,3
3365,Hundreds,3
3366,IlOYL,3
3367,Imperial,3
3368,Increased,3
3369,inevitable,3
3370,infecting,3
3371,Infection,3
3372,initial,3
3373,jbLi,3
3374,JjUMFv,3
3375,Kharn,3
3376,kilometers,3
3377,Kimberly,3
3378,Lambert,3
3379,LancasterUni,3
3380,Laurie,3
3381,lecturer,3
3382,LeOj,3
3383,lgqm,3
3384,machinery,3
3385,manage,3
3386,Markel,3
3387,Martial,3
3388,Melbourne,3
3389,met,3
3390,metro,3
3391,middle,3
3392,Military,3
3393,minimize,3
3394,MJLd,3
3395,mn,3
3396,Mystery,3
3397,NHDcov,3
3398,NMYaCj,3
3399,northern,3
3400,nosedived,3
3401,NSv,3
3402,Palmolive,3
3403,pending,3
3404,planned,3
3405,Pneumonia,3
3406,poised,3
3407,posed,3
3408,Priority,3
3409,Procter,3
3410,ptmOH,3
3411,QmrnB,3
3412,qroP,3
3413,qteG,3
3414,quality,3
3415,rallying,3
3416,ramped,3
3417,ratings,3
3418,real,3
3419,Recent,3
3420,Region,3
3421,REjVVW,3
3422,RHCskf,3
3423,RIcENlg,3
3424,Rohingya,3
3425,ROjpo,3
3426,RouQnV,3
3427,RpFzhU,3
3428,RsNZVG,3
3429,ruled,3
3430,Rxapj,3
3431,RxiMkx,3
3432,Scientific,3
3433,sCZmiz,3
3434,selloff,3
3435,sentiment,3
3436,sets,3
3437,sickens,3
3438,Snohomish,3
3439,sold,3
3440,speak,3
3441,Spot,3
3442,sRIIO,3
3443,stable,3
3444,struck,3
3445,sufficient,3
3446,Swat,3
3447,sWHJwb,3
3448,tainted,3
3449,Tangshan,3
3450,task,3
3451,tbH,3
3452,tCkeZI,3
3453,TNw,3
3454,Tour,3
3455,tourists,3
3456,trace,3
3457,TUDH,3
3458,TY,3
3459,Uadk,3
3460,uEDx,3
3461,ujjain,3
3462,Unites,3
3463,unknown,3
3464,uoBzq,3
3465,vdjLf,3
3466,viewed,3
3467,viruss,3
3468,vv,3
3469,walk,3
3470,walked,3
3471,wash,3
3472,wear,3
3473,website,3
3474,weighed,3
3475,wuhans,3
3476,xfdjD,3
3477,XXU,3
3478,zQcg,3
3479,Academy,2
3480,accN,2
3481,According,2
3482,accused,2
3483,AChilkoti,2
3484,actress,2
3485,aCzdTP,2
3486,admits,2
3487,adviser,2
3488,Advisory,2
3489,Aercap,2
3490,affair,2
3491,aged,2
3492,Agnes,2
3493,aIQQQ,2
3494,airlift,2
3495,aIvJn,2
3496,aJDFAk,2
3497,aJgruc,2
3498,aKCtN,2
3499,akjSX,2
3500,alerts,2
3501,alive,2
3502,AlJpQ,2
3503,aLl,2
3504,allegations,2
3505,Allowing,2
3506,aMAQhM,2
3507,americas,2
3508,Andrew,2
3509,anw,2
3510,anxiety,2
3511,Anxiety,2
3512,aNxqve,2
3513,aok,2
3514,aow,2
3515,ape,2
3516,APExplains,2
3517,apologize,2
3518,approach,2
3519,apwxe,2
3520,arevi,2
3521,arm,2
3522,arose,2
3523,ary,2
3524,Asians,2
3525,asias,2
3526,at,2
3527,attention,2
3528,Austria,2
3529,awaiting,2
3530,awakening,2
3531,awr,2
3532,Axing,2
3533,backlash,2
3534,bad,2
3535,Bailey,2
3536,bank,2
3537,banking,2
3538,bases,2
3539,Basketball,2
3540,Bath,2
3541,bavarian,2
3542,bc,2
3543,Belfast,2
3544,besmirch,2
3545,Bezos,2
3546,BhrmT,2
3547,bill,2
3548,bin,2
3549,biotech,2
3550,bitcoin,2
3551,bkj,2
3552,Blair,2
3553,Body,2
3554,Bogoch,2
3555,bond,2
3556,boost,2
3557,boosting,2
3558,BoQG,2
3559,bounce,2
3560,bout,2
3561,boy,2
3562,bQTPPW,2
3563,BQtqk,2
3564,brain,2
3565,break,2
3566,Brent,2
3567,Brexit,2
3568,BrexitDeal,2
3569,Bristol,2
3570,broad,2
3571,Bruce,2
3572,bssr,2
3573,bug,2
3574,bW,2
3575,cafes,2
3576,calmed,2
3577,calms,2
3578,cameraman,2
3579,camp,2
3580,campaigning,2
3581,canadas,2
3582,cap,2
3583,cards,2
3584,care,2
3585,carry,2
3586,cartoon,2
3587,cats,2
3588,cautious,2
3589,ccSZIBhsRvE,2
3590,cdc,2
3591,censoring,2
3592,centralized,2
3593,changer,2
3594,character,2
3595,chart,2
3596,chastises,2
3597,Checkpoints,2
3598,chicago,2
3599,cinemas,2
3600,circulate,2
3601,claiming,2
3602,class,2
3603,clinical,2
3604,cNDTr,2
3605,collected,2
3606,collection,2
3607,Columbia,2
3608,commemoration,2
3609,commerce,2
3610,commissioner,2
3611,compares,2
3612,complacent,2
3613,complex,2
3614,complicating,2
3615,conducted,2
3616,confirmation,2
3617,confirming,2
3618,contacts,2
3619,continued,2
3620,contradictions,2
3621,controls,2
3622,conversation,2
3623,coronarvirus,2
3624,Coronaviruses,2
3625,cost,2
3626,coughs,2
3627,Cowen,2
3628,Cramer,2
3629,creative,2
3630,criminal,2
3631,crises,2
3632,critically,2
3633,crude,2
3634,crumble,2
3635,cures,2
3636,currencies,2
3637,cyUx,2
3638,daf,2
3639,danger,2
3640,deemed,2
3641,deepen,2
3642,deepest,2
3643,delhi,2
3644,delhis,2
3645,departure,2
3646,Dept,2
3647,depth,2
3648,describes,2
3649,Despite,2
3650,detainee,2
3651,detaining,2
3652,detects,2
3653,developed,2
3654,DEVELOPING,2
3655,DFzAH,2
3656,diasporas,2
3657,differs,2
3658,discharged,2
3659,discourages,2
3660,discouraging,2
3661,discover,2
3662,disorder,2
3663,display,2
3664,district,2
3665,dogs,2
3666,DoH,2
3667,domestically,2
3668,donate,2
3669,dont,2
3670,doubling,2
3671,downplays,2
3672,Doyle,2
3673,dr,2
3674,dretf,2
3675,drive,2
3676,Drosten,2
3677,Due,2
3678,duo,2
3679,Earthquake,2
3680,ebola,2
3681,EC,2
3682,ECMO,2
3683,economical,2
3684,edge,2
3685,effectiveness,2
3686,EI,2
3687,elderly,2
3688,Elderly,2
3689,Elon,2
3690,embark,2
3691,emergencies,2
3692,emn,2
3693,encouraging,2
3694,enhance,2
3695,environment,2
3696,EOIBeijing,2
3697,Epidemics,2
3698,error,2
3699,errors,2
3700,escalate,2
3701,EuvYxZd,2
3702,eve,2
3703,Every,2
3704,Everyone,2
3705,eVLGT,2
3706,evolution,2
3707,EW,2
3708,exceeded,2
3709,exclusion,2
3710,Exclusive,2
3711,expect,2
3712,Expert,2
3713,expressions,2
3714,extraordinarily,2
3715,FadTtpv,2
3716,failed,2
3717,FClfud,2
3718,Fear,2
3719,feared,2
3720,fearful,2
3721,feats,2
3722,Federation,2
3723,fevers,2
3724,FHDbe,2
3725,fhUdGbq,2
3726,Fifth,2
3727,figure,2
3728,finalising,2
3729,financing,2
3730,Fisher,2
3731,flare,2
3732,flaws,2
3733,Flights,2
3734,flow,2
3735,Flying,2
3736,fojl,2
3737,Forces,2
3738,Former,2
3739,forward,2
3740,Fourteen,2
3741,FQmRtc,2
3742,FQyQF,2
3743,frail,2
3744,funding,2
3745,fury,2
3746,FYISJ,2
3747,fzr,2
3748,gained,2
3749,gathering,2
3750,gauge,2
3751,Gaxs,2
3752,gcwD,2
3753,Geneva,2
3754,genome,2
3755,germany,2
3756,GgSIU,2
3757,GhgEqg,2
3758,GifniJ,2
3759,GkiVi,2
3760,Gmyg,2
3761,GnBrH,2
3762,GoGPb,2
3763,GpHsEW,2
3764,gravity,2
3765,GRMLq,2
3766,gun,2
3767,gUSsPi,2
3768,Gvdxve,2
3769,GvoJYD,2
3770,Gwenrs,2
3771,Gxcoo,2
3772,GzpKyM,2
3773,handful,2
3774,Happy,2
3775,harsh,2
3776,haryana,2
3777,Haryana,2
3778,hatred,2
3779,havens,2
3780,Hayat,2
3781,healthy,2
3782,heavy,2
3783,heightened,2
3784,helicopter,2
3785,highlights,2
3786,hinted,2
3787,historic,2
3788,HJjjgY,2
3789,HJyUUXe,2
3790,Hoaxes,2
3791,holidays,2
3792,Holocaust,2
3793,homes,2
3794,hope,2
3795,hostile,2
3796,hotlines,2
3797,Hotlines,2
3798,house,2
3799,huanggang,2
3800,humanity,2
3801,HuRt,2
3802,HuzC,2
3803,hysteria,2
3804,Ia,2
3805,IAS,2
3806,IBM,2
3807,idea,2
3808,identify,2
3809,IMo,2
3810,implicated,2
3811,imported,2
3812,inbound,2
3813,inch,2
3814,incoming,2
3815,incompetence,2
3816,indices,2
3817,industries,2
3818,Infirmary,2
3819,inflict,2
3820,infrastructure,2
3821,Initial,2
3822,installs,2
3823,insurance,2
3824,investigate,2
3825,Isaac,2
3826,isn,2
3827,Italian,2
3828,Italy,2
3829,Ja,2
3830,James,2
3831,Jeremy,2
3832,jIGzN,2
3833,jinping,2
3834,jmcLA,2
3835,JMqsl,2
3836,JoeSquawk,2
3837,Jordan,2
3838,Journal,2
3839,JscX,2
3840,judges,2
3841,Keep,2
3842,Keir,2
3843,kgcq,2
3844,Killer,2
3845,kjhCk,2
3846,KK,2
3847,KobeBryant,2
3848,KQJU,2
3849,kxG,2
3850,Kynge,2
3851,laboratory,2
3852,Labour,2
3853,LaurenPelley,2
3854,layoffs,2
3855,lc,2
3856,leads,2
3857,Lehman,2
3858,Letters,2
3859,liberation,2
3860,likelihood,2
3861,lingers,2
3862,LIVE,2
3863,Long,2
3864,longtime,2
3865,lose,2
3866,LqFsl,2
3867,lqkm,2
3868,luck,2
3869,lung,2
3870,luriXQo,2
3871,lurks,2
3872,lvmgl,2
3873,lxrh,2
3874,lyrvZ,2
3875,MadMoneyOnCNBC,2
3876,malaysia,2
3877,mapping,2
3878,Mapping,2
3879,mark,2
3880,Masks,2
3881,May,2
3882,MBrgoSA,2
3883,McVm,2
3884,measles,2
3885,measure,2
3886,meat,2
3887,mere,2
3888,mHSGG,2
3889,midday,2
3890,misinformation,2
3891,Mobile,2
3892,mohali,2
3893,Mohammed,2
3894,money,2
3895,Monty,2
3896,Moore,2
3897,Mortgage,2
3898,Mother,2
3899,mrFDrw,2
3900,MTR,2
3901,Muraleedharan,2
3902,Musk,2
3903,muted,2
3904,MvMZf,2
3905,MVoq,2
3906,MVpXS,2
3907,NCDC,2
3908,nCov,2
3909,nears,2
3910,NeiZG,2
3911,nhs,2
3912,nightmare,2
3913,Nike,2
3914,Nine,2
3915,Niq,2
3916,nMoNl,2
3917,nna,2
3918,NNPZFY,2
3919,nOK,2
3920,North,2
3921,npv,2
3922,NVtfUo,2
3923,NVzCqV,2
3924,NW,2
3925,NYtvJ,2
3926,OaKxZ,2
3927,OAtG,2
3928,occurs,2
3929,OgKH,2
3930,oJDd,2
3931,ONII,2
3932,Ontario,2
3933,opaque,2
3934,operating,2
3935,operational,2
3936,Opinions,2
3937,opting,2
3938,ORVtW,2
3939,orZGYZk,2
3940,Os,2
3941,OTpVw,2
3942,Outside,2
3943,overreacting,2
3944,Overseas,2
3945,owner,2
3946,p,2
3947,paper,2
3948,paramedic,2
3949,partners,2
3950,paving,2
3951,pay,2
3952,paying,2
3953,pB,2
3954,PByVe,2
3955,performing,2
3956,Phan,2
3957,PHE,2
3958,physicians,2
3959,pictures,2
3960,picturesque,2
3961,pinarayi,2
3962,Plan,2
3963,platforms,2
3964,player,2
3965,plunges,2
3966,pm,2
3967,poin,2
3968,policies,2
3969,politician,2
3970,popping,2
3971,poses,2
3972,Post,2
3973,precise,2
3974,probable,2
3975,profit,2
3976,pros,2
3977,prospects,2
3978,protected,2
3979,Protection,2
3980,provision,2
3981,pSvOS,2
3982,purely,2
3983,pxsgx,2
3984,Python,2
3985,PZDb,2
3986,QDLlg,2
3987,qdp,2
3988,qeY,2
3989,QFVi,2
3990,quarter,2
3991,qzq,2
3992,raises,2
3993,rally,2
3994,ranging,2
3995,rates,2
3996,RatTu,2
3997,RBDPkI,2
3998,RbXG,2
3999,reality,2
4000,recalled,2
4001,recalls,2
4002,record,2
4003,recover,2
4004,Remembering,2
4005,repatriate,2
4006,repo,2
4007,required,2
4008,requires,2
4009,rerouted,2
4010,reserve,2
4011,result,2
4012,Retired,2
4013,revDr,2
4014,reviewed,2
4015,RFKu,2
4016,rGVyo,2
4017,RhItVZ,2
4018,RHPnmd,2
4019,RJVTcq,2
4020,RLtthV,2
4021,RMuID,2
4022,Roach,2
4023,Road,2
4024,robotic,2
4025,rocks,2
4026,roughly,2
4027,routine,2
4028,Royal,2
4029,RPypTh,2
4030,Rq,2
4031,RqsnJI,2
4032,RRMxb,2
4033,RrWOi,2
4034,RSfaIK,2
4035,RsKqz,2
4036,RSqWB,2
4037,RTCnKG,2
4038,RtJvM,2
4039,RTSHE,2
4040,RubfTb,2
4041,rugby,2
4042,RUklP,2
4043,rule,2
4044,rumors,2
4045,Ruptly,2
4046,RvbW,2
4047,RvyrR,2
4048,RWKplF,2
4049,RxcyT,2
4050,ryv,2
4051,rznh,2
4052,salary,2
4053,Salman,2
4054,Sam,2
4055,sanitizer,2
4056,Saracens,2
4057,Sciences,2
4058,season,2
4059,seasons,2
4060,seattle,2
4061,secures,2
4062,sequences,2
4063,Services,2
4064,Shailaja,2
4065,shrug,2
4066,shudder,2
4067,shutdowns,2
4068,Siegel,2
4069,signaling,2
4070,similarity,2
4071,Sir,2
4072,SjeK,2
4073,skyrocketing,2
4074,slash,2
4075,slight,2
4076,slip,2
4077,slipped,2
4078,slump,2
4079,smoking,2
4080,soil,2
4081,son,2
4082,Southern,2
4083,Spencerjakab,2
4084,spend,2
4085,spooked,2
4086,spurs,2
4087,squirrels,2
4088,sQVJ,2
4089,stall,2
4090,star,2
4091,Starmer,2
4092,starts,2
4093,steadfast,2
4094,steep,2
4095,Stephen,2
4096,StephLandsman,2
4097,stoked,2
4098,Stores,2
4099,strength,2
4100,strikes,2
4101,stuck,2
4102,Stumpf,2
4103,style,2
4104,sudden,2
4105,sunday,2
4106,supported,2
4107,suppressing,2
4108,surging,2
4109,surreal,2
4110,survivor,2
4111,Sussexes,2
4112,sVapnXg,2
4113,SVF,2
4114,swab,2
4115,Swift,2
4116,Swiss,2
4117,sYcIb,2
4118,Taylor,2
4119,TaylorSwift,2
4120,teaches,2
4121,Teesside,2
4122,ten,2
4123,Terry,2
4124,tFBL,2
4125,thailand,2
4126,THd,2
4127,thermal,2
4128,tHlDhH,2
4129,tHmYR,2
4130,threatened,2
4131,tick,2
4132,tide,2
4133,tighter,2
4134,Timeline,2
4135,tIXXcK,2
4136,tk,2
4137,tkzwt,2
4138,tone,2
4139,tonight,2
4140,Too,2
4141,tops,2
4142,trader,2
4143,TradingNation,2
4144,tragically,2
4145,translation,2
4146,Travelers,2
4147,tributes,2
4148,tRRhsy,2
4149,TRUE,2
4150,truth,2
4151,TSqAr,2
4152,TSVAi,2
4153,TSWKKl,2
4154,TTMJg,2
4155,tumour,2
4156,TUOXM,2
4157,TUqYI,2
4158,TUxH,2
4159,TV,2
4160,TVPds,2
4161,TVpZfJ,2
4162,tWsPF,2
4163,TXHzzz,2
4164,TYWX,2
4165,uEOgMA,2
4166,uINLu,2
4167,ULGcH,2
4168,ulvxt,2
4169,umIRw,2
4170,underreported,2
4171,unnecessary,2
4172,unOszv,2
4173,unwarranted,2
4174,upoNGQ,2
4175,uqjpmP,2
4176,URGENT,2
4177,urQe,2
4178,useless,2
4179,users,2
4180,utviYT,2
4181,uurSVL,2
4182,uvOXHO,2
4183,uzfm,2
4184,UzLfW,2
4185,uzwY,2
4186,V,2
4187,vardhan,2
4188,vbae,2
4189,VbEr,2
4190,vcZPus,2
4191,VDBW,2
4192,vepvM,2
4193,vfNj,2
4194,vgRyD,2
4195,VhXpTm,2
4196,Victims,2
4197,View,2
4198,vijaya,2
4199,violence,2
4200,virologist,2
4201,vJCXE,2
4202,vjth,2
4203,vmCp,2
4204,vnUeSp,2
4205,vulnerable,2
4206,vvFDB,2
4207,wakes,2
4208,wards,2
4209,watchful,2
4210,WATCHLIVE,2
4211,wbtbp,2
4212,wdq,2
4213,weak,2
4214,weeklong,2
4215,WeinsteinTrial,2
4216,wfgw,2
4217,Which,2
4218,Whirlpool,2
4219,whvp,2
4220,Works,2
4221,worsen,2
4222,WQoqd,2
4223,WSJ,2
4224,WtKPivz,2
4225,Wupd,2
4226,wwqj,2
4227,wxWPkB,2
4228,Wynn,2
4229,xA,2
4230,xeIGo,2
4231,xH,2
4232,xHftAa,2
4233,XiaTPOl,2
4234,XJAU,2
4235,Xs,2
4236,xvJoj,2
4237,xYkScZ,2
4238,Yen,2
4239,yJUF,2
4240,yMdW,2
4241,youtube,2
4242,Yvonne,2
4243,yx,2
4244,zHkry,2
4245,ZJPrz,2
4246,zones,2
4247,ZPefrNh,2
4248,Zuwv,2
4249,ZuzsyGE,2
4250,ZVK,2
4251,ZYjEBE,2
4252,accommodate,1
4253,blocked,1
4254,coronaviruses,1
4255,coronavirusrecent,1
4256,dTCXlg,1
4257,eyT,1
4258,GkFze,1
4259,GxBkuh,1
4260,NRJGRU,1
4261,onLrR,1
4262,oRUXO,1
4263,OwdZ,1
4264,powerless,1
4265,RhzhAI,1
4266,RusuUx,1
4267,tBPUyl,1
4268,tEbMcr,1
4269,tKv,1
4270,trRXK,1
4271,UcHw,1
4272,WcGH,1
