,abdominal,aortic,aneurysm
0,abdominal,bloating,
1,abdominal,hernia,
2,abdominal,pain,
3,abdominal,trauma,
4,abdominal,wall,hernia
5,aberration,,
6,abnormal,bleeding,
7,abnormal,gait,
8,abnormal,menstrual,periods
9,abnormal,uterine,bleeding
10,abnormal,vaginal,bleeding
11,abnormality,,
12,abrasion,,
13,abscess,,
14,abuse,,
15,ac,separation,
16,acanthosis,,
17,acanthosis,nigricans,
18,accompanied,,
19,acetabular,fracture,
20,achalasia,,
21,achilles,tendon,rupture
22,acid,reflux,
23,acid,reflux,disease
24,acidosis,,
25,acl,injury,
26,acne,,
27,acoustic,,
28,acoustic,neuroma,
29,acromegaly,,
30,actinic,keratosis,
31,acute,alcohol,intoxication
32,acute,bronchitis,
33,acute,coronary,syndrome
34,acute,gastroenteritis,
35,acute,kidney,failure
36,acute,kidney,injury
37,acute,lymphoblastic,leukemia
38,acute,myocardial,infarction
39,acute,pancreatitis,
40,acute,renal,failure
41,acute,sinusitis,
42,acute,tubular,necrosis
43,addiction,,
44,addison’s,disease,
45,adenocarcinoma,,
46,adenoma,,
47,adenomas,,
48,adenomyomatosis,,
49,adenomyosis,,
50,adenopathy,,
51,adhd,,
52,adhesions,,
53,adnexal,mass,
54,adnexal,masses,
55,adrenal,adenoma,
56,adrenal,insufficiency,
57,adrenal,mass,
58,adult-onset,diabetes,
59,adverse,effect,
60,affective,disorder,
61,afib,,
62,a-fib,,
63,age-related,macular,degeneration
64,aging,,
65,agitated,depression,
66,agnosia,,
67,agoraphobia,,
68,aids,,
69,airplane,ear,
70,airway,,
71,alcohol,abuse,
72,alcohol,dependence,
73,alcohol,intoxication,
74,alcohol,withdrawal,
75,alcoholic,,
76,alcoholic,hepatitis,
77,alcoholic,liver,disease
78,alcoholism,,
79,alkalosis,,
80,allergic,rhinitis,
81,allergies,,
82,allergy,,
83,alopecia,,
84,alzheimer,,
85,alzheimer,disease,
86,alzheimer's,,
87,alzheimer's,disease,
88,amaurosis,fugax,
89,amnesia,,
90,anal,discharge,
91,anal,fissure,
92,anal,fistula,
93,anal,intercourse,
94,anaphylaxis,,
95,anderson-fabry,disease,
96,anemia,,
97,aneurysm,,
98,aneurysmal,dilatation,
99,angina,,
100,angina,pectoris,
101,angioedema,,
102,angiokeratoma,,
103,angioma,,
104,angiomas,,
105,angiomyolipoma,,
106,anisocoria,,
107,ankle,fracture,
108,ankle,sprain,
109,ankyloglossia,,
110,anomaly,,
111,anorexia,,
112,anosmia,,
113,anterograde,amnesia,
114,anterograde,memory,loss
115,antiphospholipid,syndrome,
116,antisocial,,
117,antisocial,personality,
118,antisocial,personality,disorder
119,anuria,,
120,anxiety,,
121,anxiety,disorder,
122,aortic,aneurysm,
123,aortic,dissection,
124,aortic,insufficiency,
125,aortic,narrowing,
126,aortic,regurgitation,
127,aortic,stenosis,
128,aortic,valve,replacement
129,aortic,valve,stenosis
130,aortoiliac,occlusive,disease
131,aphasia,,
132,aphthous,ulcers,
133,aplastic,anemia,
134,aplastic,crisis,
135,apnea,,
136,apneic,,
137,appendicitis,,
138,apraxia,,
139,arachnoid,cyst,
140,arcus,senilis,
141,armed,,
142,arrhythmia,,
143,arterial,hypertension,
144,arteriosclerosis,,
145,arteriosclerotic,vascular,disease
146,arteriovenous,fistula,
147,arteriovenous,malformation,
148,arteritis,,
149,arthralgia,,
150,arthritis,,
151,arthropathy,,
152,arthrosis,,
153,asbestosis,,
154,ascites,,
155,asperger,disorder,
156,asphyxia,,
157,aspiration,pneumonia,
158,aspiration,pneumonitis,
159,asplenia,,
160,asterixis,,
161,asthma,,
162,astigmatism,,
163,astrocytoma,,
164,asystole,,
165,ataxia,,
166,atelectasis,,
167,atheromata,,
168,atherosclerosis,,
169,atherosclerotic,heart,disease
170,athlete's,foot,
171,atony,,
172,atopic,dermatitis,
173,atopic,eczema,
174,atrial,fibrillation,
175,atrial,flutter,
176,atrial,septal,defect
177,atrial,tachycardia,
178,atrioventricular,block,
179,atrioventricular,discordance,
180,atrioventricular,septal,defect
181,atrophic,vaginitis,
182,atrophy,,
183,attention,deficit,disorder
184,attention-deficit,hyperactivity,disorder
185,atypia,,
186,atypical,ductal,hyperplasia
187,atypical,pneumonia,
188,auditory,hallucinations,
189,aura,,
190,autism,,
191,autistic,spectrum,
192,auto,accident,
193,autoimmune,hemolytic,anemia
194,automobile,accident,
195,autonomic,dysfunction,
196,av,block,
197,avascular,necrosis,
198,avulsion,,
199,avulsion,fracture,
200,azotemia,,
201,baby,,
202,back,pain,
203,backache,,
204,bacteremia,,
205,bacterial,infection,
206,bacterial,vaginosis,
207,baker's,cyst,
208,balance,problems,
209,baldness,,
210,bankart,lesion,
211,barbotage,,
212,barrett,esophagus,
213,bartholin,cyst,
214,basal,cell,carcinoma
215,b-cell,lymphoma,
216,bee,sting,
217,bee,stings,
218,belching,,
219,bells,palsy,
220,benign,,
221,benign,breast,lump
222,benign,essential,hypertension
223,benign,intracranial,hypertension
224,benign,prostatic,hyperplasia
225,benign,prostatic,hypertrophy
226,benign,rolandic,epilepsy
227,benzo,withdrawal,
228,bezoar,,
229,bicuspid,aortic,valve
230,bile,duct,cancer
231,biliary,atresia,
232,biliary,colic,
233,bipolar,,
234,bipolar,affective,disorder
235,bipolar,disorder,
236,bipolar,illness,
237,birthmark,,
238,bitemporal,hemianopsia,
239,blackouts,,
240,bladder,cancer,
241,bladder,carcinoma,
242,bladder,incontinence,
243,bladder,infection,
244,bladder,stones,
245,bleeding,,
246,bleeding,diathesis,
247,bleeding,disorder,
248,bleeding,gums,
249,bleeding,tendency,
250,blighted,ovum,
251,blindness,,
252,blister,,
253,blisters,,
254,bloating,,
255,blood,clot,
256,blood,clots,
257,blood,disorders,
258,blood,in,stool
259,blood,in,urine
260,blood,loss,
261,bloody,sputum,
262,blunt,trauma,
263,blurred,vision,
264,blurring,of,vision
265,body,dysmorphic,disorder
266,boils,,
267,bone,cancer,
268,bone,disease,
269,bone,fracture,
270,bone,metastases,
271,bone,metastasis,
272,bone,pain,
273,bone,spur,
274,bone,spurs,
275,borderline,,
276,borderline,diabetes,
277,borderline,personality,disorder
278,bowel,obstruction,
279,brachial,plexus,
280,bradycardia,,
281,brain,aneurysm,
282,brain,injury,
283,brain,tumor,
284,brain,tumors,
285,brain,tumour,
286,breast,cancer,
287,breast,cysts,
288,breast,hypertrophy,
289,breast,hypoplasia,
290,breast,lump,
291,breast,lumps,
292,breast,mass,
293,breast,pain,
294,breath,sounds,
295,breathing,difficulties,
296,briquet's,syndrome,
297,broken,ankle,
298,bronchiectasis,,
299,bronchiolitis,,
300,bronchioloalveolar,carcinoma,
301,bronchitis,,
302,bronchopneumonia,,
303,bronchospasm,,
304,brothers,,
305,brucellosis,,
306,brugada,syndrome,
307,bruise,,
308,bruxism,,
309,bug,bites,
310,bulging,disk,
311,bulimia,,
312,bundle,branch,block
313,bunion,,
314,bunionette,,
315,bunions,,
316,buried,penis,
317,burn,,
318,burns,,
319,burping,,
320,bursitis,,
321,buster,,
322,c,difficile,
323,c.,diff,
324,c.,difficile,
325,calcaneal,spur,
326,calcification,,
327,calculi,,
328,calculus,,
329,callus,,
330,cancer,,
331,cancer,metastasis,
332,candida,,
333,candidiasis,,
334,canker,,
335,caps,,
336,car,accident,
337,carcinoma,,
338,carcinoma,in,situ
339,cardiac,arrest,
340,cardiac,arrhythmia,
341,cardiac,ischemia,
342,cardiac,murmur,
343,cardiac,tamponade,
344,cardiomegaly,,
345,cardiomyopathy,,
346,cardiopulmonary,arrest,
347,cardiovascular,collapse,
348,cardiovascular,disease,
349,caries,,
350,carotid,artery,disease
351,carotid,artery,stenosis
352,carotid,stenosis,
353,carpal,tunnel,
354,cataract,,
355,cataracts,,
356,catatonia,,
357,cauda,equina,syndrome
358,causalgia,,
359,cavernous,angioma,
360,cavities,,
361,cavity,,
362,cbgd,,
363,celiac,,
364,celiac,disease,
365,celiac,sprue,
366,cellulitis,,
367,cementation,,
368,central,sleep,apnea
369,central,spinal,stenosis
370,cephalalgia,,
371,cephalgia,,
372,cephalic,presentation,
373,cephalopelvic,disproportion,
374,cerebellum,,
375,cerebral,aneurysm,
376,cerebral,edema,
377,cerebral,palsy,
378,cerebrovascular,accident,
379,cerebrovascular,disease,
380,cervical,cancer,
381,cervical,dysplasia,
382,cervical,dystonia,
383,cervical,intraepithelial,neoplasia
384,cervical,pain,
385,cervical,spondylosis,
386,cervical,stenosis,
387,cervicalgia,,
388,cervicitis,,
389,cervicogenic,headaches,
390,chalazion,,
391,chaos,,
392,chemosis,,
393,chest,infection,
394,chest,pain,
395,chest,pains,
396,chiari,malformation,
397,chickenpox,,
398,childhood,asthma,
399,chills,,
400,chlamydia,,
401,choking,,
402,cholangiocarcinoma,,
403,cholangitis,,
404,cholecystitis,,
405,cholelithiasis,,
406,cholestasis,,
407,cholestasis,of,pregnancy
408,cholesteatoma,,
409,chondrocalcinosis,,
410,chondromalacia,,
411,chondromalacia,patella,
412,chondrosarcoma,,
413,chorea,,
414,chorioamnionitis,,
415,chorioretinitis,,
416,choroidal,neovascularization,
417,chronic,asthma,
418,chronic,bronchitis,
419,chronic,cough,
420,chronic,depression,
421,chronic,fatigue,syndrome
422,chronic,kidney,disease
423,chronic,kidney,failure
424,chronic,lymphocytic,leukemia
425,chronic,pain,
426,chronic,pancreatitis,
427,chronic,prostatitis,
428,chronic,sinusitis,
429,chronic,venous,insufficiency
430,chylothorax,,
431,circulatory,arrest,
432,circumstantiality,,
433,cirrhosis,,
434,classical,homocystinuria,
435,clavus,,
436,cleft,lip,
437,cleft,palate,
438,clitoromegaly,,
439,clonus,,
440,closed,head,
441,clostridium,difficile,
442,clostridium,difficile,colitis
443,clotting,disorder,
444,clubbing,,
445,coagulopathy,,
446,cocci,,
447,coccidioidomycosis,,
448,cognitive,impairment,
449,cold,,
450,cold,intolerance,
451,colic,,
452,colitis,,
453,collarbone,,
454,colon,cancer,
455,colon,polyp,
456,colon,polyps,
457,colonic,polyps,
458,colorectal,cancer,
459,coma,,
460,comatose,,
461,comedo,,
462,community,acquired,pneumonia
463,community-acquired,pneumonia,
464,compartment,syndrome,
465,complete,heart,block
466,compression,fracture,
467,compression,fractures,
468,concussion,,
469,conductive,hearing,loss
470,condyloma,,
471,condyloma,acuminata,
472,condylomata,,
473,confusion,,
474,congenital,anomaly,
475,congenital,heart,disease
476,congestive,cardiac,failure
477,congestive,heart,failure
478,conjunctivitis,,
479,constipation,,
480,constructional,apraxia,
481,consumption,,
482,contact,dermatitis,
483,contracture,,
484,contractures,,
485,contusion,,
486,conversion,disorder,
487,convulsion,,
488,copd,,
489,cor,pulmonale,
490,corn,,
491,coronary,artery,disease
492,coronary,disease,
493,cough,,
494,coughing,up,blood
495,cramp,,
496,craniocerebral,trauma,
497,craniopharyngioma,,
498,crest,,
499,creutzfeldt-jakob,disease,
500,crohn's,disease,
501,croup,,
502,crush,syndrome,
503,cryoglobulinemia,,
504,cyanosis,,
505,cyst,,
506,cystic,fibrosis,
507,cystitis,,
508,cystocele,,
509,damage,,
510,dark,circles,
511,dawson's,fingers,
512,dcis,,
513,de,quervain,
514,de,quervain's,tenosynovitis
515,deafness,,
516,death,,
517,deceased,,
518,decreased,hearing,
519,decreased,sensation,
520,decreased,urine,output
521,decubitus,ulcer,
522,decubitus,ulcers,
523,deep,vein,thrombosis
524,deep,venous,thrombosis
525,degenerative,arthritis,
526,degenerative,disc,disease
527,degenerative,disease,
528,degenerative,joint,disease
529,dehydration,,
530,dejerine-roussy,syndrome,
531,delirium,,
532,delusions,,
533,dementia,,
534,demyelinating,disease,
535,dental,abscess,
536,dental,caries,
537,dental,disease,
538,dental,pain,
539,dental,trauma,
540,dentigerous,cyst,
541,depression,,
542,derealization,,
543,dermatitis,,
544,dermatomyositis,,
545,dermatosis,,
546,dermoid,,
547,dermoid,cyst,
548,developmental,delay,
549,deviated,septum,
550,dextrocardia,,
551,diabetes,,
552,diabetes,during,pregnancy
553,diabetes,mellitus,
554,diabetes,type,
555,diabetes,type,2
556,diabetic,foot,
557,diabetic,nephropathy,
558,diabetic,neuropathy,
559,diabetic,retinopathy,
560,diagnosis,,
561,diaphoresis,,
562,diarrhea,,
563,diastolic,dysfunction,
564,diastolic,heart,failure
565,diathesis,,
566,difficulty,hearing,
567,difficulty,in,breathing
568,difficulty,in,swallowing
569,diffuse,,
570,diffuse,axonal,injury
571,digital,clubbing,
572,digoxin,toxicity,
573,dilated,cardiomyopathy,
574,dilated,pupil,
575,diplopia,,
576,disc,herniation,
577,disc,protrusion,
578,discitis,,
579,discoid,lupus,
580,diskitis,,
581,dislocations,,
582,disorder,,
583,dissection,,
584,disseminated,intravascular,coagulation
585,dissociation,,
586,distal,radius,fracture
587,diverticular,disease,
588,diverticulitis,,
589,diverticulosis,,
590,diverticulum,,
591,dizziness,,
592,dog,bite,
593,dolichoectasia,,
594,domestic,violence,
595,double,vision,
596,doubt,,
597,down,syndrome,
598,dribbling,,
599,drinking,,
600,drinking,alcohol,
601,drooling,,
602,drowned,,
603,drowsiness,,
604,drug,abuse,
605,dry,eye,
606,dry,eyes,
607,dry,lips,
608,dry,mouth,
609,dry,skin,
610,ductal,carcinoma,
611,duodenal,ulcer,
612,duodenitis,,
613,dwarfism,,
614,dysarthria,,
615,dysautonomia,,
616,dysdiadochokinesia,,
617,dysdiadochokinesis,,
618,dysesthesia,,
619,dyskinesia,,
620,dyslexia,,
621,dyslipidemia,,
622,dysmenorrhea,,
623,dysnomia,,
624,dyspareunia,,
625,dyspepsia,,
626,dysphagia,,
627,dysphonia,,
628,dysplasia,,
629,dyspnea,,
630,dysrhythmia,,
631,dysthymia,,
632,dystonia,,
633,dysuria,,
634,ear,disease,
635,ear,infection,
636,ear,infections,
637,ear,pain,
638,earache,,
639,ecchymoses,,
640,ecchymosis,,
641,eclampsia,,
642,ectopia,,
643,ectopic,pregnancy,
644,ectropion,,
645,eczema,,
646,edema,,
647,electric,shock,
648,electrolyte,imbalance,
649,elevated,cholesterol,
650,elevated,glucose,
651,elevated,liver,enzymes
652,elevated,transaminases,
653,elevated,triglycerides,
654,embolism,,
655,emesis,,
656,emotional,abuse,
657,emotional,lability,
658,emphysema,,
659,empyema,,
660,encephalitis,,
661,encephalopathy,,
662,encopresis,,
663,endocarditis,,
664,endocrine,disease,
665,endometrial,cancer,
666,endometrial,polyp,
667,endometrioma,,
668,endometriosis,,
669,endometritis,,
670,end-stage,renal,disease
671,engorgement,,
672,enlarged,heart,
673,enlarged,liver,
674,enlarged,lymph,nodes
675,enlarged,prostate,
676,enlarged,spleen,
677,enlarged,thyroid,
678,enteritis,,
679,enterocele,,
680,enterocolitis,,
681,enteropathy,,
682,entrapment,neuropathy,
683,eosinophilic,esophagitis,
684,ependymoma,,
685,epididymitis,,
686,epidural,hematoma,
687,epidural,hemorrhage,
688,epilepsy,,
689,epiretinal,membrane,
690,epistaxis,,
691,erectile,dysfunction,
692,erythema,,
693,erythema,nodosum,
694,erythema,toxicum,
695,eschar,,
696,esophageal,cancer,
697,esophageal,rupture,
698,esophageal,varices,
699,esophagitis,,
700,esotropia,,
701,esrd,,
702,essential,hypertension,
703,essential,thrombocythemia,
704,essential,thrombocytosis,
705,essential,tremor,
706,ewing,sarcoma,
707,excessive,thirst,
708,excessive,urination,
709,exhaustion,,
710,exophthalmos,,
711,exophthalmus,,
712,exostosis,,
713,exotropia,,
714,expressive,aphasia,
715,extrapyramidal,symptoms,
716,extravasation,,
717,extremity,edema,
718,extremity,pain,
719,eye,dryness,
720,eye,redness,
721,fabry,disease,
722,facial,,
723,facial,droop,
724,facial,nerve,paralysis
725,facial,palsy,
726,facial,weakness,
727,factor,v,leiden
728,failure,to,thrive
729,fainting,,
730,falling,,
731,false,aneurysm,
732,farsightedness,,
733,fatigue,,
734,fatty,liver,
735,fatty,liver,disease
736,febrile,convulsion,
737,febrile,seizure,
738,fecal,impaction,
739,feeler,,
740,femoral,fracture,
741,femoroacetabular,impingement,
742,fever,,
743,fever,blisters,
744,fibroadenoma,,
745,fibrocystic,disease,
746,fibroid,,
747,fibroids,,
748,fibroma,,
749,fibromuscular,dysplasia,
750,fibromyalgia,,
751,fibromyositis,,
752,fibrosis,,
753,fifth,disease,
754,first-degree,av,block
755,fistula,,
756,fitz-hugh,,
757,fitz-hugh-curtis,syndrome,
758,flashing,,
759,flat,feet,
760,flatus,,
761,floaters,,
762,fluent,aphasia,
763,fluid,overload,
764,flu-like,symptoms,
765,flush,,
766,flushing,,
767,focal,nodular,hyperplasia
768,focal,seizures,
769,follicular,cyst,
770,follicular,lymphoma,
771,follicular,thyroid,cancer
772,folliculitis,,
773,food,allergies,
774,food,allergy,
775,food,intolerance,
776,food,poisoning,
777,foot,drop,
778,footdrop,,
779,foreign,body,
780,foreign,body,reaction
781,fountain,,
782,fracture,,
783,fractures,,
784,frequent,urination,
785,frog,,
786,frustration,,
787,fuchs,dystrophy,
788,fungal,infection,
789,gait,abnormality,
790,gait,disturbance,
791,galactosemia,,
792,gall,bladder,disease
793,gallbladder,disease,
794,gallstone,,
795,gallstones,,
796,ganglion,,
797,ganglion,cyst,
798,gangrene,,
799,gardnerella,,
800,gastric,cancer,
801,gastric,ulcer,
802,gastric,ulcers,
803,gastric,varix,
804,gastritis,,
805,gastro,,
806,gastroenteritis,,
807,gastroesophageal,reflux,disease
808,gastroesophageal,reflux,disorder
809,gastrointestinal,bleeding,
810,gastroparesis,,
811,gaucher,disease,
812,gaucher's,disease,
813,gave,,
814,generalized,anxiety,
815,generalized,anxiety,disorder
816,generalized,epilepsy,
817,generalized,seizures,
818,genetic,disorder,
819,genital,herpes,
820,genital,warts,
821,gerd,,
822,gestation,,
823,gestational,diabetes,
824,gestational,diabetes,mellitus
825,gestational,hypertension,
826,gingival,hypertrophy,
827,gingivitis,,
828,glad,,
829,glaucoma,,
830,glioblastoma,,
831,glioblastoma,multiforme,
832,glioma,,
833,gliomas,,
834,globus,,
835,globus,sensation,
836,glomerulonephritis,,
837,glossitis,,
838,goiter,,
839,goldenhar,syndrome,
840,gonorrhea,,
841,good,posture,
842,gout,,
843,grand,mal,
844,grand,mal,seizure
845,grandiose,delusions,
846,granuloma,,
847,granulomas,,
848,granulomata,,
849,graves,disease,
850,grave's,disease,
851,groin,hernia,
852,groin,pain,
853,group,b,strep
854,growth,arrest,lines
855,guillain-barre,syndrome,
856,gum,bleeding,
857,gunshot,wound,
858,gynecomastia,,
859,h.,pylori,
860,haglund’s,deformity,
861,hair,loss,
862,halitosis,,
863,hallucination,,
864,hallucinations,,
865,hallux,abducto,valgus
866,hallux,rigidus,
867,hallux,valgus,
868,hammer,toe,
869,hammertoe,deformity,
870,hand,eczema,
871,hank,,
872,hard,of,hearing
873,hay,fever,
874,head,injury,
875,headache,,
876,headaches,,
877,hearing,impairment,
878,hearing,loss,
879,heart,attack,
880,heart,block,
881,heart,disease,
882,heart,failure,
883,heart,murmur,
884,heart,murmurs,
885,heart,problems,
886,heartburn,,
887,heaves,,
888,heavy,bleeding,
889,helicobacter,pylori,
890,hemangioblastoma,,
891,hemangioma,,
892,hemarthrosis,,
893,hematemesis,,
894,hematochezia,,
895,hematoma,,
896,hematuria,,
897,hemianopia,,
898,hemianopsia,,
899,hemiparesis,,
900,hemiplegia,,
901,hemochromatosis,,
902,hemolysis,,
903,hemolytic,anemia,
904,hemoperitoneum,,
905,hemoptysis,,
906,hemorrhage,,
907,hemorrhagic,cystitis,
908,hemorrhaging,,
909,hemorrhoid,,
910,hemorrhoids,,
911,hemothorax,,
912,henoch-schonlein,purpura,
913,heparin-induced,thrombocytopenia,
914,hepatic,encephalopathy,
915,hepatitis,,
916,hepatitis,a,
917,hepatitis,b,
918,hepatitis,c,
919,hepatitis,e,
920,hepatomegaly,,
921,hepatosplenomegaly,,
922,hernia,,
923,herniated,disc,
924,herniated,disk,
925,herniated,lumbar,disk
926,herniated,nucleus,pulposus
927,herpes,,
928,herpes,simplex,
929,herpes,zoster,
930,hiatal,hernia,
931,hiccups,,
932,high,ankle,sprain
933,high,blood,cholesterol
934,high,blood,pressure
935,high,blood,sugar
936,high,cholesterol,
937,high,fever,
938,hill-sachs,fracture,
939,hip,fracture,
940,hip,fractures,
941,histoplasmosis,,
942,hiv/aids,,
943,hives,,
944,hoarse,voice,
945,hoarseness,,
946,hoarseness,of,voice
947,hodgkin',,
948,hodgkin,lymphoma,
949,hodgkin's,disease,
950,hodgkin's,lymphoma,
951,homocystinuria,,
952,homonymous,hemianopia,
953,homonymous,hemianopsia,
954,hordeolum,,
955,hospital-acquired,pneumonia,
956,hot,flashes,
957,hours,,
958,human,immunodeficiency,virus
959,human,papillomavirus,
960,humerus,fracture,
961,hunter,syndrome,
962,huntington,disease,
963,huntington's,disease,
964,hurler,syndrome,
965,hydrocele,,
966,hydrocephalus,,
967,hydronephrosis,,
968,hypercalcemia,,
969,hypercapnia,,
970,hypercholesterolemia,,
971,hyperdefecation,,
972,hyperemesis,gravidarum,
973,hyperemia,,
974,hyperglycemia,,
975,hyperglycemic,,
976,hyperkalemia,,
977,hyperlipidemia,,
978,hypermenorrhea,,
979,hypermetabolic,,
980,hypermobility,,
981,hypernatremia,,
982,hyperopia,,
983,hyperparathyroidism,,
984,hyperpigmentation,,
985,hyperplasia,,
986,hyperreflexia,,
987,hypersensitivity,,
988,hypersomnia,,
989,hypertelorism,,
990,hypertension,,
991,hypertensive,emergency,
992,hypertensive,nephrosclerosis,
993,hyperthyroid,,
994,hyperthyroidism,,
995,hypertriglyceridemia,,
996,hypertrophic,cardiomyopathy,
997,hypertrophic,osteoarthropathy,
998,hypertrophic,scar,
999,hyperuricemia,,
1000,hyperventilation,,
1001,hypoesthesia,,
1002,hypoglycemia,,
1003,hypohidrosis,,
1004,hypokalemia,,
1005,hypomania,,
1006,hypomastia,,
1007,hyponatremia,,
1008,hypoparathyroidism,,
1009,hypoplasia,,
1010,hypopnea,,
1011,hypospadias,,
1012,hypotension,,
1013,hypothermia,,
1014,hypothyroid,,
1015,hypothyroidism,,
1016,hypotonia,,
1017,hypoventilation,,
1018,hypovolemia,,
1019,hypoxemia,,
1020,hypoxia,,
1021,icteric,,
1022,icterus,,
1023,id,reaction,
1024,idiopathic,,
1025,ileus,,
1026,iliac,crest,
1027,immune,thrombocytopenia,
1028,immunodeficiency,,
1029,impairment,,
1030,impetigo,,
1031,impingement,syndrome,
1032,impotence,,
1033,impulsivity,,
1034,incisional,hernia,
1035,inclusion,body,myositis
1036,incompetence,,
1037,incompetent,cervix,
1038,increased,muscle,tone
1039,increased,reflexes,
1040,increased,weight,
1041,indigestion,,
1042,indomethacin,,
1043,infantile,,
1044,infantile,spasms,
1045,infarction,,
1046,infection,,
1047,infectious,disease,
1048,infectious,diseases,
1049,infectious,hepatitis,
1050,infectious,mononucleosis,
1051,inferior,,
1052,infertility,,
1053,inflammation,,
1054,inflammatory,arthritis,
1055,inflammatory,bowel,disease
1056,inflammatory,disease,
1057,inflammatory,myopathy,
1058,inflammatory,reaction,
1059,influenza,,
1060,ingrown,toenail,
1061,inguinal,hernia,
1062,injuries,,
1063,injury,,
1064,injury,to,nerves
1065,insomnia,,
1066,insulin,dependent,diabetes
1067,insulin,resistance,
1068,insulin-dependent,diabetes,mellitus
1069,intercurrent,,
1070,interstitial,cystitis,
1071,interstitial,lung,disease
1072,interstitial,nephritis,
1073,intertrigo,,
1074,intestinal,obstruction,
1075,intoeing,,
1076,intolerance,,
1077,intoxication,,
1078,intracerebral,hemorrhage,
1079,intracranial,aneurysm,
1080,intracranial,hemorrhage,
1081,intracranial,injury,
1082,intraocular,hemorrhage,
1083,intrauterine,growth,restriction
1084,intraventricular,hemorrhage,
1085,iron,deficiency,
1086,iron,deficiency,anemia
1087,iron-deficiency,anemia,
1088,irregular,heartbeat,
1089,irregular,periods,
1090,irritability,,
1091,irritable,bowel,syndrome
1092,ischemia,,
1093,ischemic,colitis,
1094,ischemic,heart,disease
1095,itch,,
1096,itching,,
1097,itchy,rash,
1098,iugr,,
1099,janeway,lesions,
1100,jaundice,,
1101,jerks,,
1102,joint,aches,
1103,joint,effusion,
1104,joint,pain,
1105,joint,stiffness,
1106,jugular,foramen,
1107,juvenile,myoclonic,epilepsy
1108,juvenile,rheumatoid,arthritis
1109,kawasaki,disease,
1110,keloid,,
1111,kidney,cancer,
1112,kidney,disease,
1113,kidney,failure,
1114,kidney,problems,
1115,kidney,stone,
1116,kidney,stones,
1117,kidney,transplantation,
1118,klüver-bucy,syndrome,
1119,knee,pain,
1120,knuckle,,
1121,kyphosis,,
1122,labyrinthitis,,
1123,lack,of,energy
1124,lactose,intolerance,
1125,lacunar,stroke,
1126,language,delay,
1127,laryngeal,papillomatosis,
1128,laryngitis,,
1129,lateral,epicondylitis,
1130,latex,allergies,
1131,latex,allergy,
1132,lazy,eye,
1133,lbbb,,
1134,learning,disabilities,
1135,learning,disability,
1136,left,shift,
1137,left,ventricular,hypertrophy
1138,leg,length,discrepancy
1139,leg,ulcers,
1140,leiomyoma,,
1141,leiomyosarcoma,,
1142,leptospirosis,,
1143,leukemia,,
1144,leukemoid,reaction,
1145,leukocytosis,,
1146,leukopenia,,
1147,level,of,consciousness
1148,lichen,,
1149,lichen,planus,
1150,lightheadedness,,
1151,light-headedness,,
1152,limp,,
1153,lipid,storage,disorder
1154,lipodystrophy,,
1155,lipoma,,
1156,lipomatosis,,
1157,listeria,,
1158,livedo,,
1159,livedo,reticularis,
1160,liver,cancer,
1161,liver,cirrhosis,
1162,liver,disease,
1163,liver,enlargement,
1164,liver,failure,
1165,liver,metastasis,
1166,liver,problems,
1167,lobar,pneumonia,
1168,loose,bowel,movements
1169,loose,stool,
1170,loose,stools,
1171,lordosis,,
1172,losing,weight,
1173,loss,of,appetite
1174,loss,of,hearing
1175,loss,of,memory
1176,loss,of,vision
1177,lou,gehrig,
1178,lou,gehrig's,disease
1179,low,back,pain
1180,low,blood,pressure
1181,low,blood,sugar
1182,low,grade,
1183,low,platelet,count
1184,low,potassium,
1185,low,vision,
1186,lower,extremity,pain
1187,lower,gastrointestinal,bleeding
1188,lower,gi,bleed
1189,lsds,,
1190,lumbar,radiculopathy,
1191,lumbar,spinal,stenosis
1192,lumps,,
1193,lunch,,
1194,lung,adenocarcinoma,
1195,lung,cancer,
1196,lung,carcinoma,
1197,lung,sounds,
1198,lupus,,
1199,lupus,anticoagulant,
1200,lupus,erythematosus,
1201,lymphadenitis,,
1202,lymphadenopathy,,
1203,lymphangiectasia,,
1204,lymphangitis,,
1205,lymphedema,,
1206,lymphocytic,,
1207,lymphocytic,leukemia,
1208,lymphoma,,
1209,lysosomal,storage,disease
1210,lysosomal,storage,diseases
1211,lysosomal,storage,disorder
1212,macrocephaly,,
1213,macromastia,,
1214,macular,degeneration,
1215,macular,edema,
1216,major,,
1217,major,depressive,disorder
1218,malabsorption,,
1219,malaise,,
1220,malaria,,
1221,male,pattern,baldness
1222,malignant,hypertension,
1223,malignant,melanoma,
1224,malignant,mesothelioma,
1225,malingering,,
1226,malleus,,
1227,mallory-weiss,tear,
1228,malnourishment,,
1229,malnutrition,,
1230,malocclusion,,
1231,mania,,
1232,mantle,cell,lymphoma
1233,marilyn,,
1234,marilyn,monroe,
1235,maroteaux-lamy,syndrome,
1236,marrow,,
1237,mass,,
1238,mastoiditis,,
1239,meckel's,diverticulum,
1240,medial,epicondylitis,
1241,mediastinal,adenopathy,
1242,medical,condition,
1243,medullary,thyroid,cancer
1244,melanoma,,
1245,melanosis,,
1246,melanosis,coli,
1247,melasma,,
1248,melena,,
1249,memory,loss,
1250,meniere's,disease,
1251,ménière's,disease,
1252,meningioma,,
1253,meningiomas,,
1254,meningitis,,
1255,meningococcal,,
1256,meniscus,tear,
1257,menopause,,
1258,menorrhagia,,
1259,menstruation,,
1260,mental,illness,
1261,mesenteric,ischemia,
1262,mesothelioma,,
1263,metabolic,acidosis,
1264,metabolic,bone,disease
1265,metabolic,syndrome,
1266,metabolic,syndrome,x
1267,metastasis,,
1268,metastatic,breast,cancer
1269,metastatic,disease,
1270,methicillin-resistant,staphylococcus,aureus
1271,mets,,
1272,mgus,,
1273,microalbuminuria,,
1274,microaneurysms,,
1275,microcephaly,,
1276,micrognathia,,
1277,microvascular,disease,
1278,middle,ear,infection
1279,migraine,,
1280,migraine,headache,
1281,migraine,headaches,
1282,migraine,with,aura
1283,migraines,,
1284,mini-strokes,,
1285,minor,,
1286,miscarriage,,
1287,misuse,,
1288,mitral,insufficiency,
1289,mitral,regurgitation,
1290,mitral,stenosis,
1291,mitral,valve,prolapse
1292,mitral,valve,regurgitation
1293,mixed,,
1294,mole,,
1295,moles,,
1296,molluscum,contagiosum,
1297,mono,,
1298,mononucleosis,,
1299,mood,disorder,
1300,mood,lability,
1301,mood,swings,
1302,moodiness,,
1303,more,,
1304,morquio,,
1305,morquio,syndrome,
1306,morquio's,,
1307,morton,neuroma,
1308,morton's,neuroma,
1309,motor,neuron,disease
1310,motor,vehicle,accident
1311,motor,vehicle,collision
1312,mouth,breathing,
1313,movement,disorders,
1314,moyamoya,disease,
1315,mps,i,
1316,mps,ii,
1317,mps,iii,
1318,mps,iv,
1319,mps,vi,
1320,mrsa,,
1321,mucocele,,
1322,mucopolysaccharidoses,,
1323,mucopolysaccharidosis,,
1324,mucopolysaccharidosis,i,
1325,mucopolysaccharidosis,ii,
1326,mucopolysaccharidosis,iv,
1327,mucopolysaccharidosis,type,i
1328,mucopolysaccharidosis,vi,
1329,mucosa,,
1330,mucositis,,
1331,mucous,retention,cyst
1332,multifocal,atrial,tachycardia
1333,multiple,endocrine,neoplasia
1334,multiple,myeloma,
1335,multiple,sclerosis,
1336,multiple,trauma,
1337,mumps,,
1338,murmur,,
1339,murmurs,,
1340,muscle,ache,
1341,muscle,atrophy,
1342,muscle,cramps,
1343,muscle,spasm,
1344,muscle,weakness,
1345,muscular,dystrophy,
1346,mutation,,
1347,myalgia,,
1348,myasthenia,,
1349,myasthenia,gravis,
1350,mycosis,,
1351,mydriasis,,
1352,myelitis,,
1353,myelodysplastic,syndrome,
1354,myelofibrosis,,
1355,myeloma,,
1356,myelopathy,,
1357,myeloproliferative,disorder,
1358,myocardial,disease,
1359,myocardial,infarction,
1360,myoclonus,,
1361,myoglobinuria,,
1362,myopathy,,
1363,myositis,,
1364,myositis,ossificans,
1365,myxomatous,degeneration,
1366,nasal,congestion,
1367,nasal,drip,
1368,nasal,fracture,
1369,nasal,obstruction,
1370,nasal,polyposis,
1371,nasal,polyps,
1372,nasal,septum,deviation
1373,nasopharyngeal,cancer,
1374,nausea,,
1375,nauseous,,
1376,near,syncope,
1377,neck,lesion,
1378,neck,mass,
1379,neck,pain,
1380,necrosis,,
1381,necrotizing,fasciitis,
1382,neonatal,acne,
1383,neonatal,jaundice,
1384,neoplasia,,
1385,neoplasm,,
1386,nephritis,,
1387,nephrolithiasis,,
1388,nephrosis,,
1389,nerve,damage,
1390,nerve,injury,
1391,nervous,breakdown,
1392,neuralgia,,
1393,neurapraxia,,
1394,neuroblastoma,,
1395,neurodegeneration,,
1396,neurogenic,bladder,
1397,neurological,disease,
1398,neurological,disorders,
1399,neuroma,,
1400,neuromuscular,disease,
1401,neurosis,,
1402,neutropenia,,
1403,nevi,,
1404,nevus,,
1405,niddm,,
1406,niemann-pick,,
1407,niemann-pick,disease,
1408,night,sweats,
1409,night,terrors,
1410,nine,months,
1411,nipple,discharge,
1412,nocturia,,
1413,nodular,hyperplasia,
1414,nodule,,
1415,nodules,,
1416,nomid,,
1417,non-hodgkin,,
1418,non-hodgkin's,lymphoma,
1419,non-insulin-dependent,diabetes,mellitus
1420,nonproductive,cough,
1421,non-productive,cough,
1422,nonunion,,
1423,normal,,
1424,normal,pressure,hydrocephalus
1425,nosebleed,,
1426,nystagmus,,
1427,obesity,,
1428,obesity,and,hypertension
1429,obesity,hypoventilation,syndrome
1430,obsessive,compulsive,disorder
1431,obstructive,lung,disease
1432,obstructive,sleep,apnea
1433,obstructive,uropathy,
1434,obtundation,,
1435,occupational,disease,
1436,odontalgia,,
1437,odynophagia,,
1438,old,boy,
1439,olecranon,bursitis,
1440,oligodendroglioma,,
1441,oligohidrosis,,
1442,oligohydramnios,,
1443,oncocytoma,,
1444,onychocryptosis,,
1445,onychomycosis,,
1446,opportunistic,infection,
1447,optic,chiasm,
1448,oral,cancer,
1449,oral,thrush,
1450,oral,ulcer,
1451,organic,brain,syndrome
1452,orthopnea,,
1453,orthostasis,,
1454,orthostatic,hypotension,
1455,osteitis,pubis,
1456,osteoarthritis,,
1457,osteoarthrosis,,
1458,osteochondritis,,
1459,osteochondritis,dissecans,
1460,osteochondroma,,
1461,osteomyelitis,,
1462,osteopenia,,
1463,osteophyte,,
1464,osteophytes,,
1465,osteoporosis,,
1466,otalgia,,
1467,otitis,,
1468,otitis,externa,
1469,otitis,media,
1470,otosclerosis,,
1471,ovarian,cancer,
1472,ovarian,cyst,
1473,ovarian,cysts,
1474,ovarian,torsion,
1475,overactive,bladder,
1476,overbreathing,,
1477,overdose,,
1478,overeating,,
1479,pacs,,
1480,pain,,
1481,painful,swallowing,
1482,painful,urination,
1483,paleness,,
1484,pallor,,
1485,palmar,erythema,
1486,palpitation,,
1487,palpitations,,
1488,pancreas,cancer,
1489,pancreatic,adenocarcinoma,
1490,pancreatic,cancer,
1491,pancreatic,mass,
1492,pancreatitis,,
1493,pancytopenia,,
1494,panic,attack,
1495,panic,attacks,
1496,panic,disorder,
1497,pap,smear,
1498,papillary,cancer,
1499,papillary,thyroid,carcinoma
1500,papilledema,,
1501,paraesthesia,,
1502,paralysis,,
1503,paraneoplastic,syndrome,
1504,paranoia,,
1505,paraphimosis,,
1506,paraplegia,,
1507,parathyroid,adenoma,
1508,paratubal,cysts,
1509,paresis,,
1510,paresthesia,,
1511,paresthesias,,
1512,parkinson,,
1513,parkinson,disease,
1514,parkinsonism,,
1515,parkinson's,,
1516,parkinson's,disease,
1517,paroxysmal,dyspnea,
1518,paroxysmal,nocturnal,dyspnea
1519,partial,seizure,
1520,partial,seizures,
1521,passed,out,
1522,passing,out,
1523,patellofemoral,syndrome,
1524,patent,ductus,arteriosus
1525,patent,eustachian,tube
1526,patent,foramen,ovale
1527,pcos,,
1528,pedophilia,,
1529,pelvic,fracture,
1530,pelvic,infection,
1531,pelvic,inflammatory,disease
1532,pelvic,pain,
1533,peptic,ulcer,
1534,peptic,ulcer,disease
1535,perianal,abscess,
1536,pericardial,effusion,
1537,pericardial,tamponade,
1538,pericarditis,,
1539,periodontal,disease,
1540,periods,,
1541,peripheral,,
1542,peripheral,arterial,disease
1543,peripheral,edema,
1544,peripheral,neuropathy,
1545,peripheral,vascular,disease
1546,peritoneal,mesothelioma,
1547,peritonitis,,
1548,peritonsillar,abscess,
1549,peroneal,nerve,palsy
1550,persistent,sore,throat
1551,persistent,vegetative,state
1552,pertussis,,
1553,pes,planus,
1554,petechia,,
1555,petechiae,,
1556,petechial,hemorrhage,
1557,petit,mal,
1558,pets,,
1559,peyronie's,disease,
1560,pharyngitis,,
1561,phimosis,,
1562,phlebitis,,
1563,phobias,,
1564,photographic,memory,
1565,photophobia,,
1566,pick,,
1567,pick,disease,
1568,pick's,disease,
1569,picky,,
1570,pigmentation,disorder,
1571,pigmented,nevus,
1572,pigmented,seborrheic,keratosis
1573,pilon,fracture,
1574,pilonidal,cyst,
1575,pimple,,
1576,pituitary,adenoma,
1577,pituitary,apoplexy,
1578,pityrosporum,folliculitis,
1579,placenta,previa,
1580,plafond,fracture,
1581,plagiocephaly,,
1582,planes,,
1583,plantar,fasciitis,
1584,plantar,fascitis,
1585,plasma,cell,dyscrasia
1586,pleural,effusion,
1587,pleurisy,,
1588,pneumoconiosis,,
1589,pneumocystis,,
1590,pneumocystis,carinii,
1591,pneumocystis,carinii,pneumonia
1592,pneumomediastinum,,
1593,pneumonia,,
1594,pneumonitis,,
1595,pneumothoraces,,
1596,pneumothorax,,
1597,poisoning,,
1598,polio,,
1599,polyarteritis,nodosa,
1600,polyarthritis,,
1601,polychondritis,,
1602,polycystic,kidney,
1603,polycystic,kidney,disease
1604,polycystic,ovarian,syndrome
1605,polycythemia,,
1606,polycythemia,vera,
1607,polydipsia,,
1608,polymyalgia,,
1609,polymyalgia,rheumatica,
1610,polymyositis,,
1611,polyneuropathy,,
1612,polyp,,
1613,polyphagia,,
1614,polyps,,
1615,polyuria,,
1616,pompe,disease,
1617,portal,hypertension,
1618,post,nasal,drip
1619,posterior,cruciate,ligament
1620,posterior,vitreous,detachment
1621,postpartum,bleeding,
1622,postpartum,depression,
1623,posttraumatic,stress,disorder
1624,precancerous,condition,
1625,preeclampsia,,
1626,pre-eclampsia,,
1627,pregnancy,,
1628,pregnancy-induced,hypertension,
1629,pregnant,,
1630,premature,atrial,contraction
1631,premature,atrial,contractions
1632,premature,ventricular,contraction
1633,premature,ventricular,contractions
1634,premenstrual,,
1635,premenstrual,dysphoric,disorder
1636,presbyopia,,
1637,pressure,ulcer,
1638,pressured,speech,
1639,presyncope,,
1640,priapism,,
1641,primary,,
1642,primary,tumor,
1643,proctitis,,
1644,products,of,conception
1645,profuse,sweating,
1646,progressive,disease,
1647,progressive,supranuclear,palsy
1648,prolapse,,
1649,prolonged,,
1650,proptosis,,
1651,prostate,cancer,
1652,prostatic,hyperplasia,
1653,prostatism,,
1654,prostatitis,,
1655,protein-calorie,malnutrition,
1656,protein-losing,enteropathy,
1657,proteinuria,,
1658,pruritus,,
1659,psas,,
1660,pseudoaneurysm,,
1661,pseudocyst,,
1662,pseudomembranous,colitis,
1663,pseudomyxoma,peritonei,
1664,pseudotumor,cerebri,
1665,psoriasis,,
1666,psoriatic,arthritis,
1667,psychiatric,disorder,
1668,psychiatric,illness,
1669,psychomotor,agitation,
1670,psychomotor,retardation,
1671,psychosis,,
1672,psychotic,disorders,
1673,pterygium,,
1674,ptld,,
1675,ptosis,,
1676,ptsd,,
1677,puberty,,
1678,pulmonary,edema,
1679,pulmonary,embolism,
1680,pulmonary,fibrosis,
1681,pulmonary,hypertension,
1682,pulmonary,insufficiency,
1683,pulmonary,valve,stenosis
1684,pulseless,electrical,activity
1685,purple,,
1686,purpura,,
1687,pyelonephritis,,
1688,pyogenic,granuloma,
1689,pyorrhea,,
1690,pyrexia,,
1691,pyrosis,,
1692,pyuria,,
1693,quadriplegia,,
1694,radial,neuropathy,
1695,radiation,proctitis,
1696,radicular,pain,
1697,radiculitis,,
1698,radiculopathy,,
1699,rapd,,
1700,rapid,breathing,
1701,rapid,heart,rate
1702,rapid,speech,
1703,rash,,
1704,reactive,airway,disease
1705,reactive,arthritis,
1706,rectal,bleeding,
1707,rectal,pain,
1708,rectal,prolapse,
1709,rectocele,,
1710,reflex,sympathetic,dystrophy
1711,regurgitation,,
1712,relapsing,polychondritis,
1713,renal,artery,stenosis
1714,renal,calculi,
1715,renal,cell,cancer
1716,renal,cell,carcinoma
1717,renal,cyst,
1718,renal,disease,
1719,renal,failure,
1720,renal,insufficiency,
1721,renal,osteodystrophy,
1722,renovascular,hypertension,
1723,respiratory,acidosis,
1724,respiratory,arrest,
1725,respiratory,depression,
1726,respiratory,distress,
1727,respiratory,distress,syndrome
1728,respiratory,failure,
1729,respiratory,syncytial,virus
1730,respiratory,tract,infection
1731,restless,leg,syndrome
1732,restless,legs,syndrome
1733,retinal,detachment,
1734,retinopathy,,
1735,retinopathy,of,prematurity
1736,retroperitoneal,fibrosis,
1737,retroverted,uterus,
1738,rhabdomyolysis,,
1739,rhabdomyosarcoma,,
1740,rheumatic,fever,
1741,rheumatic,heart,disease
1742,rheumatoid,arthritis,
1743,rhinitis,,
1744,rhinorrhea,,
1745,rhonchi,,
1746,rich,,
1747,right,ventricular,hypertrophy
1748,rigor,,
1749,rolandic,epilepsy,
1750,rosacea,,
1751,rotator,cuff,injury
1752,rotator,cuff,tear
1753,rubella,,
1754,rubor,,
1755,runny,nose,
1756,sacral,dimple,
1757,sacroiliac,joint,dysfunction
1758,sacroiliac,joint,syndrome
1759,sacroiliitis,,
1760,sanfilippo,syndrome,
1761,sarcoid,,
1762,sarcoidosis,,
1763,sarcoma,,
1764,scar,,
1765,scarlet,fever,
1766,scars,,
1767,scds,,
1768,scfe,,
1769,schistosomiasis,,
1770,schizoaffective,disorder,
1771,schizophrenia,,
1772,schmorl's,nodes,
1773,schwannoma,,
1774,sciatica,,
1775,scleritis,,
1776,sclerosis,,
1777,scoliosis,,
1778,scotoma,,
1779,scotomata,,
1780,scrotal,pain,
1781,seal,,
1782,seasonal,affective,disorder
1783,seasonal,allergies,
1784,seasonal,depression,
1785,sebaceous,cyst,
1786,seborrheic,dermatitis,
1787,seborrheic,keratosis,
1788,seeding,,
1789,seizure,,
1790,seizure,disorder,
1791,seizures,,
1792,self-harm,,
1793,self-injury,,
1794,sensorineural,hearing,loss
1795,sepsis,,
1796,septic,shock,
1797,septicemia,,
1798,sequela,,
1799,sequelae,,
1800,seroma,,
1801,serotonin,syndrome,
1802,severe,abdominal,pain
1803,severe,anemia,
1804,severe,depression,
1805,sexual,assault,
1806,sexual,dysfunction,
1807,sexual,transmitted,diseases
1808,sexually,transmitted,diseases
1809,shaking,,
1810,shingles,,
1811,shock,,
1812,short,stature,
1813,shortness,of,breath
1814,shoulder,impingement,syndrome
1815,shy-drager,syndrome,
1816,siadh,,
1817,sick,sinus,syndrome
1818,sickle,cell,
1819,sickle,cell,anemia
1820,sickle,cell,crisis
1821,sickle,cell,disease
1822,sickle,cell,trait
1823,sids,,
1824,silent,stroke,
1825,single,ventricle,
1826,sink,,
1827,sinus,bradycardia,
1828,sinus,infection,
1829,sinus,node,dysfunction
1830,sinus,tachycardia,
1831,sinusitis,,
1832,skin,cancer,
1833,skin,cancers,
1834,skin,picking,
1835,skin,redness,
1836,skin,tag,
1837,skinning,,
1838,skull,fracture,
1839,slap,,
1840,slap,lesion,
1841,slap,tear,
1842,sleep,apnea,
1843,sleep,disorder,
1844,sleepiness,,
1845,slurred,speech,
1846,slurring,,
1847,sly,syndrome,
1848,small,cell,carcinoma
1849,small,vessel,disease
1850,small-cell,carcinoma,
1851,sneeze,,
1852,sneezing,,
1853,snore,,
1854,snoring,,
1855,somnolence,,
1856,sore,throat,
1857,sore,tongue,
1858,spasm,,
1859,spastic,colon,
1860,spastic,quadriplegia,
1861,spasticity,,
1862,spermatocele,,
1863,spider,bite,
1864,spina,bifida,
1865,spinal,cord,injury
1866,spinal,stenosis,
1867,spindle,cell,carcinoma
1868,spiral,fracture,
1869,splenomegaly,,
1870,split,ends,
1871,spondylolisthesis,,
1872,spondylolysis,,
1873,spondylosis,,
1874,spongiform,,
1875,spontaneous,abortion,
1876,spot,,
1877,sprain,,
1878,sputum,,
1879,squamous,carcinoma,
1880,squamous,cell,cancer
1881,squamous,cell,carcinoma
1882,stasis,dermatitis,
1883,stasis,ulcer,
1884,stasis,ulcers,
1885,status,asthmaticus,
1886,status,epilepticus,
1887,stds,,
1888,steatosis,,
1889,stenosing,tenosynovitis,
1890,stenosis,,
1891,stevens-johnson,syndrome,
1892,sting,,
1893,stoke,,
1894,stomach,cancer,
1895,stomach,discomfort,
1896,stomach,pain,
1897,stomach,upset,
1898,stomatitis,,
1899,stone,,
1900,strabismus,,
1901,strain,,
1902,strains,,
1903,strep,,
1904,strep,throat,
1905,stress,and,anxiety
1906,stress,incontinence,
1907,stress,urinary,incontinence
1908,striae,,
1909,stricture,,
1910,stridor,,
1911,stroke,,
1912,subarachnoid,hemorrhage,
1913,subcutaneous,emphysema,
1914,subdural,hematoma,
1915,subdural,hemorrhage,
1916,subdural,hygroma,
1917,subluxation,,
1918,substance,abuse,
1919,substance,dependence,
1920,substance,intoxication,
1921,substance,withdrawal,
1922,sudden,cardiac,death
1923,suicidal,ideation,
1924,suicidal,thoughts,
1925,suicide,,
1926,sunburn,,
1927,superficial,thrombophlebitis,
1928,superficial,wound,
1929,supracondylar,fracture,
1930,supracondylar,humerus,fracture
1931,supraventricular,tachycardia,
1932,surgical,abdomen,
1933,sweating,,
1934,sweats,,
1935,sweet,syndrome,
1936,swelling,,
1937,swollen,lymph,nodes
1938,syncope,,
1939,syndrome,,
1940,syndrome,x,
1941,synechia,,
1942,synovial,cyst,
1943,synovitis,,
1944,syphilis,,
1945,systemic,disease,
1946,systemic,lupus,
1947,systemic,lupus,erythematosus
1948,tachyarrhythmia,,
1949,tachycardia,,
1950,tachypnea,,
1951,tailor's,bunion,
1952,tardive,dyskinesia,
1953,tarlov,cyst,
1954,t-cell,lymphoma,
1955,tear,,
1956,teeth,pain,
1957,telangiectasia,,
1958,temporal,arteritis,
1959,temporal,lobe,epilepsy
1960,tendinitis,,
1961,tendinosis,,
1962,tendonitis,,
1963,tennis,elbow,
1964,tenosynovitis,,
1965,tension,headaches,
1966,teratoma,,
1967,testicular,cancer,
1968,testicular,pain,
1969,testicular,torsion,
1970,tetanus,,
1971,tetralogy,of,fallot
1972,thalassemia,,
1973,the,bard,
1974,the,flu,
1975,the,wall,
1976,thoracic,aortic,aneurysm
1977,thoracic,pain,
1978,thought,disorder,
1979,throat,cancer,
1980,throat,pain,
1981,thrombocythemia,,
1982,thrombocytopenia,,
1983,thrombocytosis,,
1984,thromboembolism,,
1985,thrombophlebitis,,
1986,thrombosis,,
1987,thrombus,,
1988,thrush,,
1989,thymoma,,
1990,thyroid,cancer,
1991,thyroid,disease,
1992,thyroid,disorder,
1993,thyroid,enlargement,
1994,thyroid,nodule,
1995,thyroid,nodules,
1996,thyroiditis,,
1997,tibial,plateau,fracture
1998,tic,douloureux,
1999,tinea,,
2000,tinea,pedis,
2001,tinea,versicolor,
2002,tinnitus,,
2003,tiredness,,
2004,tonic-clonic,seizure,
2005,tonic-clonic,seizures,
2006,tonsillitis,,
2007,tonsillolith,,
2008,tooth,abscess,
2009,tooth,pain,
2010,toothache,,
2011,tophi,,
2012,tops,,
2013,torn,meniscus,
2014,torticollis,,
2015,tourette's,,
2016,tourette's,syndrome,
2017,toxemia,,
2018,toxoplasma,,
2019,toxoplasmosis,,
2020,tracheobronchitis,,
2021,traffic,accident,
2022,transection,,
2023,transient,global,amnesia
2024,transient,ischemic,attack
2025,transitional,cell,carcinoma
2026,transverse,myelitis,
2027,traumatic,brain,injury
2028,tremor,,
2029,trichomonas,,
2030,tricuspid,regurgitation,
2031,trigger,finger,
2032,trigger,point,
2033,trigger,points,
2034,trigger,thumb,
2035,trigonocephaly,,
2036,trismus,,
2037,tubal,pregnancy,
2038,tuberculosis,,
2039,tularemia,,
2040,tumor,,
2041,tumor,lysis,syndrome
2042,tumour,,
2043,tunnel,disease,
2044,tunnel,vision,
2045,twitching,,
2046,tympanic,membrane,perforation
2047,tympanosclerosis,,
2048,type,1,diabetes
2049,type,2,diabetes
2050,type,a,
2051,type,ii,diabetes
2052,ulcer,,
2053,ulcerative,colitis,
2054,ulnar,nerve,entrapment
2055,umbilical,hernia,
2056,undescended,testes,
2057,undescended,testicle,
2058,undescended,testis,
2059,unstable,angina,
2060,upper,gi,
2061,upper,respiratory,infection
2062,uremia,,
2063,ureterolithiasis,,
2064,urethral,stricture,
2065,urge,incontinence,
2066,urinary,frequency,
2067,urinary,incontinence,
2068,urinary,retention,
2069,urinary,tract,infection
2070,urticaria,,
2071,uterine,cancer,
2072,uterine,fibroids,
2073,uveitis,,
2074,vaginal,bleeding,
2075,vaginal,cancer,
2076,vaginal,discharge,
2077,vaginal,infection,
2078,vaginal,prolapse,
2079,vaginitis,,
2080,valgus,,
2081,valgus,deformity,
2082,valley,fever,
2083,valvular,heart,disease
2084,varicella,,
2085,varicose,veins,
2086,varicosities,,
2087,varix,,
2088,vascular,dementia,
2089,vascular,disease,
2090,vascular,diseases,
2091,vasculitis,,
2092,vasovagal,syncope,
2093,vegetative,state,
2094,vehicle,collision,
2095,venostasis,,
2096,venous,stasis,
2097,venous,thrombosis,
2098,venous,thrombus,
2099,venous,ulcers,
2100,ventricular,fibrillation,
2101,ventricular,septal,defect
2102,ventricular,tachycardia,
2103,vera,,
2104,verrucous,seborrheic,keratosis
2105,vertebral,artery,dissection
2106,vertebral,fracture,
2107,vertebrobasilar,insufficiency,
2108,vertical,gaze,palsy
2109,vertigo,,
2110,vesicoureteral,reflux,
2111,vestibular,neuronitis,
2112,viral,encephalitis,
2113,viral,gastroenteritis,
2114,viral,hepatitis,
2115,viral,meningitis,
2116,vision,loss,
2117,vision,problems,
2118,visual,loss,
2119,vitamin,b12,deficiency
2120,vitamin,d,deficiency
2121,vitiligo,,
2122,vocal,cord,dysfunction
2123,vocal,cord,paralysis
2124,volume,depletion,
2125,volvulus,,
2126,vomiting,,
2127,vomiting,blood,
2128,vomiting,of,blood
2129,von,hippel-lindau,disease
2130,v-tach,,
2131,vulvar,intraepithelial,neoplasia
2132,wall,,
2133,wart,,
2134,warts,,
2135,wasting,,
2136,water,retention,
2137,weakness,,
2138,wegener's,granulomatosis,
2139,weight,gain,
2140,weight,loss,
2141,weight,reduction,
2142,wernicke's,aphasia,
2143,wheeze,,
2144,wheezing,,
2145,whiplash,,
2146,wilson,disease,
2147,wilson's,disease,
2148,wound,,
2149,wreck,,
2150,wrist,pain,
2151,xanthochromia,,
2152,xerosis,,
2153,xerostomia,,
2154,x-linked,agammaglobulinemia,
2155,zoster,,
